??????????????????????????????? ? ?????,,,,,,,,,,,,,,,,,,,,,,,,,,,,,,,,,,,,,,,,,,,,,,,,,,,,,,,,,,,,,,,,,,,,,,,,,,,,,,,,,,,,,,,,,,,,,,,,,,,,,,,,,,,,,,,,,,,,,,,,,,,,,,,,,,,,,,,,,,,,,,,,,,,,,,,,,,,,,,,,,,,,,,,,,,,,,,,,,,,,,,,,,,,,,,,,,,,,,,,,,,,,,,,,,,,,,,,,,,,,,,,,,,,,,,,,,,,,,,,,,,,,,,,,,,,,,
,,,,,,,,,,,,,,,,,,,,,,,,,,,,,,,,,,,,,,,,,,,,,,,,,,,,,,,,,,,,,,,,,,,,,,,,,,,,,,,,,,,,,,,,,,,,,,,,,,,,,,,,,,,,,,,,,,,,,,,,,,,,,,,,,,,,,,,,,,,,,,,,,,,,,,,,,,,,,,,,,,,,,,,,,,,,,,,,,,,,,,,,,,,,,,,,,,,,,,,,,,,,,,,,,,,,,,,,,,,,,,,,,,,,,,,,,,,,,,,,,,,,,,,,,,,,,
????????????,?????,2548,,,,,,,,,,,,2549,,,,,,,,,,,,2550,,,,,,,,,,,,2551,,,,,,,,,,,,2552,,,,,,,,,,,,2553,,,,,,,,,,,,2554,,,,,,,,,,,,2555,,,,,,,,,,,,2556,,,,,,,,,,,,2557,,,,,,,,,,,,2558,,,,,,,,,,,,2559,,,,,,,,,,,,2560,,,,,,,,,,,,2561,,,,,,,,,,,,2562,,,,,,,,,,,,2563,,,,,,,,,,,,2564,,,,,,,,,,,,2565,,,,,,,,,,,,2566,,,,,,,,,,,,2567,,,,,,,,,,,,2568,,,,,,,,,,,
,,?.?.,?.?.,??.?.,??.?.,?.?.,??.?.,?.?.,?.?.,?.?.,?.?.,?.?.,?.?.,?.?.,?.?.,??.?.,??.?.,?.?.,??.?.,?.?.,?.?.,?.?.,?.?.,?.?.,?.?.,?.?.,?.?.,??.?.,??.?.,?.?.,??.?.,?.?.,?.?.,?.?.,?.?.,?.?.,?.?.,?.?.,?.?.,??.?.,??.?.,?.?.,??.?.,?.?.,?.?.,?.?.,?.?.,?.?.,?.?., ?.?.,?.?.,??.?.,??.?.,?.?.,??.?.,?.?.,?.?.,?.?.,?.?.,?.?.,?.?.,?.?.,?.?.,??.?.,??.?.,?.?.,??.?.,?.?.,?.?.,?.?.,?.?.,?.?.,?.?.,?.?.,?.?.,??.?.,??.?.,?.?.,??.?.,?.?.,?.?.,?.?.,?.?.,?.?.,?.?.,?.?.,?.?.,??.?.,??.?.,?.?.,??.?.,?.?.,?.?.,?.?.,?.?.,?.?.,?.?.,?.?.,?.?.,??.?.,??.?.,?.?.,??.?.,?.?.,?.?.,?.?.,?.?.,?.?.,?.?.,?.?.,?.?.,??.?.,??.?.,?.?.,??.?.,?.?.,?.?.,?.?.,?.?.,?.?.,?.?.,?.?.,?.?.,??.?.,??.?.,?.?.,??.?.,?.?.,?.?.,?.?.,?.?.,?.?.,?.?.,?.?.,?.?.,??.?.,??.?.,?.?.,??.?.,?.?.,?.?.,?.?.,?.?.,?.?.,?.?.,?.?.,?.?.,??.?.,??.?.,?.?.,??.?.,?.?.,?.?.,?.?.,?.?.,?.?.,?.?.,?.?.,?.?.,??.?.,??.?.,?.?.,??.?.,?.?.,?.?.,?.?.,?.?.,?.?.,?.?.,?.?.,?.?.,??.?.,??.?.,?.?.,??.?.,?.?.,?.?.,?.?.,?.?.,?.?.,?.?.,?.?.,?.?.,??.?.,??.?.,?.?.,??.?.,?.?.,?.?.,?.?.,?.?.,?.?.,?.?.,?.?.,?.?.,??.?.,??.?.,?.?.,??.?.,?.?.,?.?.,?.?.,?.?.,?.?.,?.?.,?.?.,?.?.,??.?.,??.?.,?.?.,??.?.,?.?.,?.?.,?.?.,?.?.,?.?.,?.?.,?.?.,?.?.,??.?.,??.?.,?.?.,??.?.,?.?.,?.?.,?.?.,?.?.,?.?.,?.?.,?.?.,?.?.,??.?.,??.?.,?.?.,??.?.,?.?.,?.?.,?.?.,?.?.,?.?.,?.?.,?.?.,?.?.,??.?.,??.?.,?.?.,??.?.,?.?.,?.?.,?.?.,?.?.,?.?.,?.?.
????????????,,,,,,,,,,,,,,,,,,,,,,,,,,,,,,,,,,,,,,,,,,,,,,,,,,,,,,,,,,,,,,,,,,,,,,,,,,,,,,,,,,,,,,,,,,,,,,,,,,,,,,,,,,,,,,,,,,,,,,,,,,,,,,,,,,,,,,,,,,,,,,,,,,,,,,,,,,,,,,,,,,,,,,,,,,,,,,,,,,,,,,,,,,,,,,,,,,,,,,,,,,,,,,,,,,,,,,,,,,,,,,,,,,,,,,,,,,,,,,,,,,,,,,,,,,,,,
1. ??????????????,,,,,,,,,,,,,,,,,,,,,,,,,,,,,,,,,,,,,,,,,,,,,,,,,,,,,,,,,,,,,,,,,,,,,,,,,,,,,,,,,,,,,,,,,,,,,,,,,,,,,,,,,,,,,,,,,,,,,,,,,,,,,,,,,,,,,,,,,,,,,,,,,,,,,,,,,,,,,,,,,,,,,,,,,,,,,,,,,,,,,,,,,,,,,,,,,,,,,,,,,,,,,,,,,,,,,,,,,,,,,,,,,,,,,,,,,,,,,,,,,,,,,,,,,,,,,
  1.1 ??????????????????????,,,,,,,,,,,,,,,,,,,,,,,,,,,,,,,,,,,,,,,,,,,,,,,,,,,,,,,,,,,,,,,,,,,,,,,,,,,,,,,,,,,,,,,,,,,,,,,,,,,,,,,,,,,,,,,,,,,,,,,,,,,,,,,,,,,,,,,,,,,,,,,,,,,,,,,,,,,,,,,,,,,,,,,,,,,,,,,,,,,,,,,,,,,,,,,,,,,,,,,,,,,,,,,,,,,,,,,,,,,,,,,,,,,,,,,,,,,,,,,,,,,,,,,,,,,,,
??????????,,,,,,,,,,,,,,,,,,,,,,,,,,,,,,,,,,,,,,,,,,,,,,,,,,,,,,,,,,,,,,,,,,,,,,,,,,,,,,,,,,,,,,,,,,,,,,,,,,,,,,,,,,,,,,,,,,,,,,,,,,,,,,,,,,,,,,,,,,,,,,,,,,,,,,,,,,,,,,,,,,,,,,,,,,,,,,,,,,,,,,,,,,,,,,,,,,,,,,,,,,,,,,,,,,,,,,,,,,,,,,,,,,,,,,,,,,,,,,,,,,,,,,,,,,,,,
  ?????????????????????? 15%,???/???,"6,423.00","6,568.00","6,568.00","6,556.00","6,471.00","6,614.00","6,718.00","6,754.00","6,840.00","6,900.00","6,692.00","6,744.00","6,696.00","6,633.00","6,649.00","6,880.00","6,782.00","6,621.00","6,740.00","6,632.00","6,759.00","6,655.00","6,380.00","6,400.00","6,500.00","6,637.00","6,464.00","6,339.00","6,430.00","6,544.00","6,465.00","6,405.00","6,369.00","6,346.00","6,589.00","6,837.00","6,955.00","7,439.00","9,497.00","12,936.00","12,366.00","12,459.00","12,165.00","11,475.00","11,857.00","10,692.00","9,843.00","9,618.00","10,005.00","10,029.00","10,334.00","9,857.00","9,924.00","10,037.00","10,158.00","9,005.00","9,318.00","8,460.00","8,948.00","9,825.00","9,326.00","9,400.00","8,692.00","7,891.00","7,808.00","7,956.00","8,189.00","8,220.00","8,492.00","8,184.00","8,229.00","8,415.00","8,543.00","8,903.00","8,384.00","8,026.00","7,982.00","8,591.00","8,993.00","9,523.00","9,949.00","10,217.42","10,305.00","10,322.00","9,641.00","9,645.00","9,921.00","10,000.00","10,242.00","10,467.00","10,326.00","9,914.00","10,584.00","10,123.00","10,160.00","10,221.00","10,526.00","10,559.00","10,158.00","9,753.00","9,799.00","9,897.00","9,578.00","9,329.00","8,480.00","8,280.00","8,126.00","8,134.00","7,914.00","7,827.00","7,482.00","6,982.00","7,034.00","7,337.00","7,870.00","8,339.00","8,055.00","7,980.00","7,878.00","7,862.00","7,895.00","7,873.00","7,723.00","7,607.00","7,674.00","7,624.00","8,029.00","8,121.00","7,614.00","7,676.00","7,698.00","7,543.00","7,663.00","7,900.00","7,773.00","7,727.00","8,074.00","8,452.00","8,670.00","8,735.00","7,999.00","7,486.67","7,057.03","7,272.19","7,517.23","7,357.64","7,477.59","7,551.11","7,663.82","8,195.36","8,084.36","7,776.26","7,631.97","7,357.57","8,028.14","8,223.03","7,804.00","7,609.42","7,635.47","7,837.59","8,017.94","7,978.68","7,540.56","7,492.59","7,553.14","7,641.32","8,004.43","8,042.39","7,744.53","7,620.19","7,609.56","7,836.84","7,833.67","7,782.29","7,693.85","7,896.99","7,827.13","7,921.01","7,880.95","7,705.21","7,755.60","8,165.85","8,654.98","9,453.01","9,318.53","9,051.70","8,910.08","9,297.29","9,418.93","8,803.87","8,280.68","8,408.12","9,001.00","9,148.00","9,312.37","9,068.22","8,741.80","8,473.61","8,256.66","7,507.71","7,442.00","7,586.44","7,695.75","7,788.45","7,934.24","7,850.65","8,191.69","8,490.79","8,741.10","9,094.11","9,068.99","9,057.84","9,220.40","9,180.00","9,218.19","9,129.26","9,659.73","9,749.46","9,759.73","9,898.93","9,914.35","9,958.56","10,482.71","11,843.61","13,179.00","12,957.92","10,737.41","10,285.47","11,323.67","11,771.96","11,292.51","10,454.00","10,801.29","11,125.92","10,954.21","10,761.53","10,601.66","9,616.65","9,593.45","9,286.52","9,180.37","8,647.52","8,176.29","7,308.05","7,205.01","7,013.59",,,,,,
  ?????????????????????,???/???,"7,604.00","7,736.00","7,816.00","7,913.00","7,769.00","7,630.00","7,486.00","7,618.00","7,816.00","7,850.00","7,393.00","7,579.00","7,628.00","7,873.00","7,960.00","8,028.00","8,069.00","8,160.00","8,353.00","8,612.00","8,642.00","8,685.00","8,262.00","7,882.00","8,072.00","8,274.00","8,388.00","8,526.00","8,643.00","8,778.00","8,864.00","9,016.00","9,033.00","9,028.00","8,927.00","9,691.00","10,150.00","11,906.00","12,995.00","16,389.00","17,292.00","15,570.00","14,307.00","13,621.00","13,197.00","13,424.00","12,728.00","12,089.00","12,188.00","12,755.00","13,182.00","13,175.00","13,133.00","13,078.00","13,551.00","13,372.00","14,857.00","15,203.00","13,502.00","14,155.00","14,106.00","14,337.00","13,948.00","13,607.00","13,178.00","12,803.00","13,125.00","13,528.00","13,895.00","14,070.00","13,184.00","12,837.00","12,511.00","12,304.00","11,821.00","12,113.00","12,202.00","12,287.00","12,471.00","12,942.00","13,275.00","14,265.19","15,219.00","15,004.00","15,201.00","15,024.00","14,770.00","14,752.00","14,628.00","14,616.00","14,832.00","15,369.00","15,538.00","15,813.00","15,302.00","15,386.00","15,702.00","16,070.00","15,862.00","15,643.00","15,809.00","15,870.00","15,576.00","15,675.00","15,776.00","15,708.00","14,984.00","14,313.00","14,252.00","14,223.00","14,186.00","13,902.00","13,846.00","13,812.00","13,886.00","13,992.00","14,094.00","14,179.00","13,367.00","11,649.00","12,565.00","13,103.00","13,571.00","13,470.00","13,341.00","13,134.00","13,098.00","13,073.00","13,282.00","13,099.00","12,018.00","11,518.00","10,918.00","10,798.00","10,725.00","10,588.00","10,901.00","11,062.00","11,130.00","11,009.00","10,698.00","9,516.59","8,293.74","9,181.79","9,240.09","9,307.94","9,259.60","9,091.62","9,136.78","9,438.17","10,094.85","10,476.68","11,341.58","11,530.75","11,039.81","12,302.83","13,358.90","14,474.96","15,106.23","15,235.58","15,538.64","15,886.99","15,990.77","15,349.61","15,138.00","14,865.00","15,279.95","15,244.05","15,145.00","15,590.06","15,720.80","15,646.16","15,725.95","15,770.97","15,508.10","16,034.97","16,562.48","16,290.68","14,322.16","13,529.17","13,756.61","13,914.01","13,949.44","14,471.44","14,871.37","14,868.19","14,630.03","14,408.61","13,237.59","11,715.48","10,402.81","11,185.20","11,812.29","11,862.29","11,822.98","11,835.80","11,432.63","10,796.81","10,320.22","9,902.76","9,812.61","9,725.38","9,371.86","9,951.81","11,044.97","11,451.35","11,657.66","11,770.91","12,832.23","13,934.06","13,737.23","13,633.01","13,629.18","14,140.61","13,468.52","12,898.00","13,305.69","13,347.00","13,426.40","13,363.78","13,531.84","13,834.79","13,995.07","14,684.94","15,034.00","14,706.27","13,292.55","13,580.18","14,044.16","14,212.45","14,225.69","13,995.05","14,424.32","14,942.23","15,008.64","15,211.29","15,509.58","15,685.55","14,983.97","14,687.56","15,003.20","15,222.38","15,256.19","15,399.56","15,501.01","15,576.01",,,,,,
  ????????????????????????,???/???,"5,929.00","5,940.00","6,039.00","6,115.00","6,060.00","6,038.00","6,034.00","6,157.00","6,084.00","5,812.00","5,576.00","5,835.00","6,093.00","6,287.00","6,600.00","6,528.00","6,654.00","7,237.00","8,062.00","8,884.00","9,259.00","9,162.00","9,201.00","9,238.00","10,061.00","10,422.00","10,403.00","10,229.00","10,828.00","11,914.00","12,122.00","12,239.00","12,046.00","11,689.00","10,479.00","8,558.00","8,430.00","8,286.00","8,969.00","10,674.00","10,039.00","8,845.00","8,148.00","7,740.00","6,511.00","6,508.00","6,054.00","6,606.00","7,169.00","8,200.00","7,556.00","7,452.00","7,356.00","7,206.00","7,275.00","7,426.00","7,207.00","7,822.00","8,746.00","11,145.00","11,825.00","11,877.00","10,643.00","10,978.00","11,702.00","12,277.00","14,079.00","15,655.00","15,818.00","16,102.00","15,597.00","14,151.00","13,902.00","14,266.00","14,955.00","15,095.00","14,999.00","15,255.00","15,822.00","15,771.00","14,899.00","14,479.41","13,390.00","13,671.00","13,364.00","13,072.00","12,706.00","12,882.00","12,684.00","12,809.00","12,887.00","12,842.00","13,002.00","12,338.00","11,777.00","11,919.00","12,428.00","12,818.00","12,684.00","12,720.00","13,129.00","12,986.00","13,016.00","13,200.00","13,365.00","12,963.00","12,521.00","12,562.00","11,418.00","12,389.00","12,507.00","12,329.00","12,312.00","12,378.00","12,454.00","12,532.00","12,698.00","11,388.00","9,928.00","9,941.00","9,700.00","11,085.00","11,474.00","11,156.00","11,096.00","11,159.00","11,401.00","11,936.00","12,198.00","12,241.00","11,549.00","11,392.00","11,501.00","11,605.00","11,718.00","12,050.00","12,773.00","13,071.00","13,183.00","12,965.00","12,861.00","11,743.69","10,194.85","11,027.12","10,934.01","10,891.45","10,775.30","10,573.82","10,549.33","10,610.79","10,494.03","10,263.26","9,712.47","8,618.22","9,018.71","9,350.00","9,398.12","9,792.26","9,568.53","9,164.95","9,156.91","9,651.15","9,414.95","8,961.97","8,936.53","8,896.59","9,679.16","10,430.32","9,764.31","10,187.32","10,409.58","10,734.34","11,368.00","11,842.71","11,938.67","12,968.53","14,353.40","14,857.30","14,003.03","13,632.81","14,257.86","14,732.25","14,831.99","15,359.09","15,938.96","15,711.34","15,807.82","15,424.71","15,028.64","12,192.31","10,185.00","10,509.60","10,658.36","10,699.00","10,648.92","10,861.60","10,384.47","10,415.54","10,185.39","9,037.39","8,254.29","7,651.75","7,511.20","8,161.11","9,048.74","9,299.50","8,971.35","8,782.69","8,865.61","9,058.40","9,161.00","9,148.92","9,142.87","9,415.43","9,723.74","10,116.73","10,661.31","10,637.60","10,620.36","10,844.18","10,969.60","11,188.58","11,330.63","12,013.46","12,533.75","12,705.63","11,644.63","11,688.93","11,166.39","11,487.19","11,255.69","11,806.04","12,234.51","12,498.82","12,489.33","12,621.12","12,612.66","12,666.65","12,410.10","12,229.12","12,391.63","12,521.28","12,451.03","12,583.81","12,631.33","12,499.31",,,,,,
    ????,???/???,520.00,517.00,529.00,520.00,520.00,520.00,520.00,520.00,520.00,520.00,670.00,684.00,675.00,704.00,715.00,652.00,652.00,652.00,652.00,652.00,652.00,652.00,652.00,680.00,692.00,694.00,663.00,663.00,620.00,620.00,620.00,620.00,620.00,620.00,620.00,543.00,581.00,597.00,586.00,567.00,675.00,675.00,675.00,675.00,675.00,675.00,675.00,685.00,691.00,707.00,724.00,751.00,751.00,751.00,751.00,751.00,751.00,751.00,832.00,845.00,839.00,851.00,938.00,"1,009.00","1,009.00","1,009.00","1,009.00","1,009.00","1,009.00","1,009.00",774.69,899.00,911.00,948.00,939.00,949.00,910.00,910.00,910.00,910.00,910.00,910.00,"1,024.00",928.00,950.00,958.00,958.00,961.00,974.00,974.00,974.00,974.00,974.00,974.00,999.00,888.00,901.00,913.00,940.00,"1,004.00","1,028.00","1,028.00","1,028.00","1,028.00","1,028.00","1,028.00",845.00,820.00,866.00,865.00,875.00,928.00,958.00,958.00,958.00,958.00,958.00,958.00,893.00,841.00,829.00,854.00,868.00,904.00,834.00,777.00,777.00,777.00,777.00,777.00,664.00,720.00,749.00,759.00,765.00,702.00,712.00,712.00,712.00,712.00,712.00,712.00,858.10,901.13,940.80,975.10,"1,010.91",999.52,999.52,999.52,999.52,999.52,999.52,999.52,999.52,747.94,754.03,773.17,787.67,801.15,763.15,812.16,812.16,812.16,812.16,812.16,616.34,604.72,575.37,597.26,605.07,625.69,712.13,712.13,712.13,712.13,712.13,712.13,712.13,629.45,676.46,695.07,713.49,713.49,713.49,713.49,713.49,713.49,713.49,713.49,713.49,808.28,875.36,912.90,929.71,929.71,929.71,929.71,929.71,929.71,929.71,929.71,929.71,989.03,"1,034.05","1,061.87","1,072.89","1,072.89","1,072.89","1,072.89","1,072.89","1,072.89","1,072.89","1,072.89","1,072.89","1,129.45","1,070.79","1,137.00","1,161.72","1,161.72","1,161.72","1,161.72","1,161.72","1,161.72","1,161.72","1,161.72","1,161.72","1,326.53","1,405.45","1,442.42","1,494.42","1,494.42","1,494.42","1,494.42","1,494.42","1,494.42","1,494.42","1,494.42","1,494.42","1,108.01","1,092.08","1,134.96","1,167.45","1,167.45","1,167.45","1,167.45",,,,,,
    ???????????,???/??.,1.30,1.39,1.48,1.47,1.41,1.30,1.30,1.40,1.30,1.21,1.27,1.40,1.38,1.36,1.30,1.18,0.99,0.99,0.96,0.94,0.94,0.87,1.00,1.13,1.12,1.16,1.23,1.21,1.25,1.35,1.52,1.72,1.79,1.72,1.63,1.82,1.99,2.09,2.20,2.22,2.13,2.00,1.93,1.76,1.53,1.40,1.28,1.14,1.16,1.16,1.19,1.13,1.11,1.13,1.21,1.25,1.20,1.24,1.45,1.79,1.93,1.78,1.88,2.10,2.16,2.28,2.61,2.95,2.55,2.40,2.57,2.73,2.82,2.96,2.93,2.77,2.55,2.20,2.02,2.00,1.92,1.73,2.22,2.45,2.25,1.88,1.75,1.80,1.89,1.97,1.90,2.07,2.21,2.10,2.25,2.12,2.01,2.04,2.19,2.25,2.22,2.20,2.14,2.16,2.13,1.96,2.09,2.17,2.13,2.26,2.21,2.21,2.15,1.98,1.83,1.87,2.01,2.04,2.24,2.31,2.28,2.15,2.18,2.16,2.12,2.18,2.18,2.28,2.31,2.09,1.99,1.95,1.87,1.76,1.80,1.92,1.78,1.49,1.41,1.25,1.13,1.06,1.28,1.51,1.48,1.53,1.50,1.27,1.18,1.15,1.17,1.20,1.30,1.41,1.67,1.95,2.01,2.12,2.36,2.51,2.55,2.47,2.38,2.38,2.49,2.57,2.41,2.30,2.20,2.17,2.15,2.11,1.83,1.65,1.65,1.72,1.62,1.70,1.87,1.99,1.94,1.92,1.89,1.73,1.67,1.62,1.64,1.73,1.76,1.74,1.85,2.05,2.03,2.07,2.13,2.08,1.92,1.91,1.97,2.02,2.12,2.08,2.19,2.28,2.29,2.28,2.31,2.40,2.51,2.57,2.71,2.71,2.68,2.60,2.58,2.60,2.70,2.86,3.05,3.15,3.09,2.79,2.74,2.78,2.95,2.82,2.94,3.00,3.01,3.08,3.03,2.65,2.41,1.99,1.90,1.84,2.03,2.01,2.06,1.97,1.81,1.84,1.72,1.53,1.42,1.36,,,,,,
    ??????????????????,???/??.,5.01,4.96,4.97,4.83,5.02,4.81,5.05,4.89,4.73,4.74,4.73,4.74,4.82,4.78,4.70,5.18,5.53,5.72,5.53,5.34,5.15,5.39,5.33,5.83,6.53,7.02,7.10,7.04,6.81,6.63,6.16,5.99,6.66,7.28,7.23,7.26,7.48,7.69,8.38,8.58,8.31,8.16,9.85,8.58,7.67,6.69,6.69,6.13,6.51,6.45,6.26,6.94,6.20,6.51,6.42,5.19,5.09,5.18,6.08,6.83,6.93,7.17,7.61,8.16,8.32,8.47,8.74,8.34,8.09,7.89,7.94,8.00,8.21,8.38,8.36,8.87,8.62,8.13,8.02,7.22,7.43,7.76,8.39,8.54,8.61,8.67,8.48,9.18,8.96,9.09,9.24,9.95,9.25,8.94,9.46,8.75,8.44,8.84,8.99,8.96,8.62,8.18,8.31,7.59,6.92,6.76,6.92,6.23,6.11,6.68,7.24,7.18,7.36,7.54,7.70,7.87,6.75,6.78,7.61,8.07,8.59,8.75,8.18,8.11,8.33,8.33,8.00,8.15,7.59,7.41,7.33,7.49,8.16,7.95,7.56,7.66,7.61,7.84,8.10,7.70,6.94,6.04,6.07,6.17,6.26,6.30,6.45,5.97,6.00,6.40,5.54,6.21,6.00,5.86,6.18,6.92,8.06,8.24,8.30,8.48,8.48,8.63,7.17,6.77,6.56,7.22,8.33,8.78,8.97,8.19,8.05,7.82,7.49,7.82,7.69,7.33,7.42,7.39,7.66,7.86,7.81,7.46,7.42,7.49,7.72,7.92,8.12,7.49,7.60,7.44,7.68,7.90,8.15,8.15,8.06,7.93,7.69,8.07,8.29,7.72,8.23,8.40,8.76,8.97,8.85,8.94,9.10,9.69,10.30,10.52,10.37,9.76,9.33,9.54,10.46,10.89,11.18,11.60,11.08,10.70,10.69,10.79,9.99,9.56,9.61,9.22,8.74,8.98,8.93,8.81,8.86,8.61,8.62,8.70,9.00,9.10,8.39,8.19,8.23,8.36,8.61,8.62,8.73,8.75,8.70,8.51,,,,,,
    ???????????????,???/??.,15.62,16.29,18.92,19.61,19.61,19.61,16.00,18.06,17.47,19.19,18.00,15.67,17.24,17.33,19.14,20.85,21.56,21.56,19.33,17.87,17.87,16.66,17.73,16.58,18.37,16.46,21.63,22.65,22.65,20.62,21.87,22.08,16.25,17.48,19.07,19.46,19.46,19.26,19.96,19.89,20.00,17.60,19.05,16.97,16.97,15.98,15.86,13.17,12.92,12.00,12.00,17.37,17.00,21.91,19.54,26.72,26.72,16.90,32.00,31.96,27.15,30.37,36.38,40.74,40.74,22.33,23.75,41.01,27.71,38.00,33.95,31.29,32.71,26.77,31.34,31.04,31.03,30.00,23.84,23.75,23.75,20.37,25.21,23.51,21.93,23.37,25.25,18.54,18.54,18.54,19.20,19.68,20.00,20.55,22.02,17.65,18.82,18.82,21.14,29.72,29.72,29.72,23.75,23.75,18.85,18.56,25.60,32.56,33.45,33.45,34.30,32.52,32.52,32.52,30.33,29.40,33.20,34.37,31.40,34.10,34.00,34.00,32.89,31.70,31.70,33.80,36.88,36.88,36.88,33.36,30.86,30.00,32.39,37.91,26.31,28.04,38.00,38.00,23.97,28.14,28.76,25.43,26.18,23.81,22.04,22.51,21.46,22.41,27.76,24.87,25.96,37.61,29.07,28.51,18.83,17.81,16.24,18.62,21.37,24.73,24.73,25.15,20.96,17.03,22.00,21.78,22.12,21.26,21.34,22.93,24.21,23.57,18.66,19.33,18.71,21.73,21.87,21.66,21.47,25.00,24.16,25.99,25.31,24.23,25.45,21.62,24.31,24.65,21.27,20.21,21.21,26.27,25.29,28.92,29.27,25.82,22.17,21.79,22.65,24.38,27.36,27.85,20.17,22.56,23.74,23.37,21.86,22.16,24.35,25.24,19.63,21.20,23.51,29.60,32.90,31.81,33.80,32.22,27.80,28.85,28.50,27.28,26.50,24.42,25.00,24.75,25.95,23.43,25.11,25.00,26.34,25.62,25.00,25.00,25.00,27.50,31.00,30.00,24.00,23.28,22.00,22.00,22.25,24.48,22.50,22.00,,,,,,
  1.2 ??????????????,,,,,,,,,,,,,,,,,,,,,,,,,,,,,,,,,,,,,,,,,,,,,,,,,,,,,,,,,,,,,,,,,,,,,,,,,,,,,,,,,,,,,,,,,,,,,,,,,,,,,,,,,,,,,,,,,,,,,,,,,,,,,,,,,,,,,,,,,,,,,,,,,,,,,,,,,,,,,,,,,,,,,,,,,,,,,,,,,,,,,,,,,,,,,,,,,,,,,,,,,,,,,,,,,,,,,,,,,,,,,,,,,,,,,,,,,,,,,,,,,,,,,,,,,,,,,
    ?????????????? 3,???/??.,39.14,41.99,43.50,44.68,46.52,52.22,59.75,58.21,61.47,61.93,56.30,60.57,65.28,69.79,71.95,73.50,81.22,93.45,82.76,69.98,55.71,57.12,47.98,49.47,63.06,72.22,68.17,71.41,73.07,70.80,61.96,63.64,65.44,69.80,75.47,70.30,77.36,80.99,79.30,80.53,85.16,96.05,99.68,90.05,89.74,54.51,50.81,34.09,41.93,44.64,44.18,48.03,51.30,50.65,50.28,60.08,63.72,67.41,73.05,81.02,89.21,92.68,99.96,107.27,101.31,105.22,99.71,96.84,99.37,102.05,112.66,126.11,148.61,170.75,135.55,153.60,139.34,134.98,124.10,124.56,123.36,107.66,85.91,87.07,94.43,107.45,105.81,105.34,100.61,88.29,86.30,76.69,77.55,82.60,76.00,78.62,84.01,82.29,76.76,71.59,79.00,76.03,70.02,69.05,74.66,72.16,70.38,71.11,65.17,59.57,62.98,62.40,59.08,61.20,58.57,53.45,47.08,45.01,47.45,43.02,45.30,46.90,45.98,46.27,50.35,54.61,48.22,45.84,41.48,40.32,37.27,36.38,34.43,35.42,39.78,49.60,54.12,48.39,48.81,50.85,48.21,49.74,55.63,65.33,76.30,78.68,69.64,65.65,64.53,53.15,49.12,51.27,51.96,45.88,42.44,41.79,42.83,42.02,44.05,43.22,45.68,43.48,41.44,41.20,40.38,39.73,36.96,36.75,40.31,41.47,43.87,46.91,47.39,50.59,45.85,38.57,37.91,35.47,36.69,38.69,38.75,38.84,36.79,33.59,35.22,36.96,38.12,42.16,48.15,54.80,55.24,56.43,52.85,52.41,57.89,54.13,58.30,55.71,48.54,49.15,48.35,49.46,52.35,52.73,52.61,58.16,60.49,61.44,61.26,61.22,56.11,51.13,45.55,46.95,43.37,43.11,43.37,45.18,44.77,43.42,44.15,44.28,43.05,41.99,45.51,48.90,50.20,49.55,56.49,66.79,76.43,74.59,71.99,75.73,63.49,67.72,73.03,75.27,66.45,70.51,68.01,68.56,67.27,62.94,63.78,59.83,,,,,,
    ????,???/??.,26.81,27.75,29.35,29.35,29.35,29.35,29.35,29.35,29.35,29.35,29.35,33.49,41.67,43.66,42.00,39.00,39.00,39.00,39.00,39.00,39.00,39.00,39.00,44.78,47.11,46.99,46.99,46.99,46.99,46.99,46.99,46.99,46.99,46.99,59.00,57.79,65.70,68.61,68.61,68.61,68.61,68.61,68.61,68.61,68.61,45.00,56.75,64.43,67.50,70.45,69.67,69.60,69.60,69.60,69.60,69.60,69.60,69.60,50.00,52.47,55.32,61.12,61.12,61.12,61.12,61.12,61.12,61.12,61.12,61.12,59.00,60.00,66.72,76.87,72.39,72.39,72.39,72.39,72.39,72.39,72.39,72.39,65.00,68.30,70.63,71.19,66.00,66.00,66.00,66.00,66.00,66.00,66.00,66.00,63.33,66.56,68.66,70.16,77.01,77.01,77.01,77.01,77.01,77.01,77.01,77.01,77.01,60.00,65.00,65.00,66.50,66.50,66.50,66.50,66.50,66.50,66.50,66.50,66.50,66.50,72.46,68.94,67.51,67.51,67.51,67.51,67.51,67.51,67.51,67.51,67.51,72.50,62.53,60.11,60.01,70.00,70.00,70.00,70.00,70.00,70.00,70.00,70.00,70.00,80.50,83.16,83.26,83.00,83.00,83.00,83.00,83.00,83.00,83.00,83.00,67.50,70.95,70.79,68.21,68.21,68.21,68.21,68.21,68.21,68.21,68.21,63.94,65.53,67.10,66.54,70.00,70.00,70.00,70.00,70.00,70.00,70.00,70.00,70.00,70.00,64.24,68.00,68.00,68.00,68.00,68.00,68.00,68.00,68.00,68.00,68.00,62.67,64.66,67.96,68.00,68.00,68.00,68.00,68.00,68.00,68.00,68.00,68.00,80.00,77.56,76.58,66.83,66.83,66.83,66.83,66.83,66.83,66.83,66.83,66.83,66.83,69.71,74.52,74.52,74.52,74.52,74.52,74.52,74.52,74.52,74.52,74.52,74.52,110.66,128.17,127.00,127.00,127.00,127.00,127.00,127.00,127.00,127.00,127.00,127.00,184.67,196.50,188.00,188.00,188.00,188.00,,,,,,
    ?????????,???/??.,54.60,57.50,57.00,58.33,58.00,58.00,58.00,58.00,58.00,58.00,58.00,58.00,63.50,73.00,77.25,75.00,72.60,68.50,65.00,60.00,59.00,79.60,76.25,68.75,60.00,90.50,92.25,110.00,113.33,160.00,160.00,160.00,160.00,160.00,160.00,160.00,150.00,150.00,150.00,150.00,150.00,150.00,150.00,150.00,150.00,130.00,130.00,130.00,86.00,84.00,80.50,80.50,80.50,80.50,80.50,120.00,120.00,100.00,95.00,95.00,95.00,95.00,126.00,148.33,140.00,135.00,112.50,117.00,132.50,150.00,169.00,165.00,135.00,150.00,155.00,163.33,160.00,163.75,165.00,165.00,167.50,165.00,165.00,165.00,165.60,168.50,172.50,212.00,207.50,190.00,188.00,175.00,165.00,160.00,177.50,180.00,180.00,180.00,185.00,188.00,187.50,190.00,185.00,185.00,185.00,185.00,185.00,185.00,240.00,230.00,248.00,215.00,269.80,270.00,270.00,270.00,279.00,320.00,345.00,343.75,340.00,329.89,331.93,340.00,339.75,343.97,345.00,361.00,381.24,375.62,374.00,370.00,362.50,359.95,359.86,360.00,359.51,360.00,360.00,360.00,367.50,336.00,320.00,320.00,302.00,283.75,205.00,206.25,212.00,210.00,208.00,205.00,205.00,208.00,162.00,153.75,156.25,151.25,146.00,130.00,130.00,131.00,145.00,138.00,142.50,122.00,115.00,100.00,100.00,97.50,90.00,90.00,94.00,117.50,110.00,96.00,87.50,88.75,91.00,81.67,84.00,94.75,87.50,90.00,90.00,90.00,90.00,90.00,107.50,111.00,112.50,125.00,135.00,120.00,134.00,153.33,150.00,150.00,150.00,155.00,147.50,140.00,142.00,150.00,145.00,142.52,150.00,150.00,150.00,150.00,150.00,150.00,157.50,195.99,222.50,222.50,220.00,202.50,237.50,250.00,250.00,250.00,250.00,250.00,250.00,250.00,250.00,250.00,250.00,250.00,250.00,250.00,250.00,250.00,250.00,250.00,250.00,250.00,250.00,250.00,250.00,250.00,280.00,300.00,300.00,300.06,,,,,,
  1.3 ??????????,,,,,,,,,,,,,,,,,,,,,,,,,,,,,,,,,,,,,,,,,,,,,,,,,,,,,,,,,,,,,,,,,,,,,,,,,,,,,,,,,,,,,,,,,,,,,,,,,,,,,,,,,,,,,,,,,,,,,,,,,,,,,,,,,,,,,,,,,,,,,,,,,,,,,,,,,,,,,,,,,,,,,,,,,,,,,,,,,,,,,,,,,,,,,,,,,,,,,,,,,,,,,,,,,,,,,,,,,,,,,,,,,,,,,,,,,,,,,,,,,,,,,,,,,,,,,
    ???????????????,???/??.,17.68,13.50,12.21,12.11,10.25,6.00,6.00,6.00,6.00,12.62,15.96,20.75,27.65,18.28,15.18,9.31,7.87,8.93,14.75,17.37,20.35,22.90,22.49,28.55,28.55,19.35,13.86,12.56,10.00,10.17,11.63,14.66,13.61,15.99,16.72,19.36,19.66,15.26,13.11,10.00,10.15,10.00,13.50,17.98,16.60,16.41,23.13,23.13,26.00,27.95,24.64,15.00,10.53,11.27,11.27,23.17,23.17,18.33,21.73,19.31,20.08,18.66,18.05,16.88,18.47,19.01,22.75,18.40,16.00,15.75,21.22,21.20,23.22,23.89,21.82,20.25,19.28,20.62,16.50,13.40,13.75,15.00,16.50,18.00,18.00,11.38,12.35,11.90,12.09,15.00,20.60,21.00,17.00,19.80,21.50,23.20,18.25,19.00,20.27,19.45,19.15,16.88,22.03,21.55,22.27,14.00,15.00,19.25,20.75,17.63,22.95,20.88,16.95,19.81,17.31,19.38,20.47,19.59,14.94,15.75,20.80,29.88,24.44,16.99,17.05,13.84,13.84,27.02,31.16,34.35,36.78,33.99,32.86,30.97,28.80,27.70,28.30,26.37,46.11,72.68,35.04,33.87,34.16,38.08,34.01,25.62,27.65,24.57,21.68,21.76,24.68,28.72,35.41,24.45,28.62,25.87,32.53,24.32,21.91,20.62,22.72,27.65,33.75,42.00,40.00,39.55,39.08,30.30,26.88,29.59,24.04,25.40,25.72,34.19,29.21,36.32,30.65,32.59,26.47,29.61,24.67,24.57,25.88,18.86,15.09,15.06,19.01,20.41,21.38,17.62,16.26,22.10,19.37,14.04,12.91,10.69,9.21,11.80,15.01,15.63,16.70,19.72,22.60,22.83,20.00,18.09,21.14,19.74,17.60,19.68,19.30,21.00,22.83,22.83,22.83,22.83,18.58,15.57,20.06,24.83,19.01,15.70,20.92,20.15,20.00,19.98,18.83,20.82,17.88,11.00,10.54,19.95,23.08,23.15,21.27,19.01,22.83,23.11,22.83,20.00,15.90,15.48,17.65,13.75,12.87,12.36,,,,,,
    ????????????,???/??.,10.56,9.86,11.45,14.83,13.40,14.75,19.50,19.40,17.00,12.00,12.21,8.97,7.16,8.53,11.87,11.70,11.90,10.57,10.19,10.00,13.50,16.60,12.50,10.04,9.80,12.28,11.35,14.20,15.16,13.75,13.75,13.75,13.75,9.33,8.00,12.00,11.41,12.00,12.00,12.00,16.50,17.27,17.42,22.83,22.47,24.42,17.00,17.04,14.00,15.50,28.48,29.89,22.25,25.60,26.62,23.60,28.62,31.00,24.73,21.17,15.25,24.91,34.93,30.33,25.40,26.33,26.33,26.33,26.33,26.33,19.08,19.50,27.23,33.08,32.38,31.28,25.50,29.87,27.75,30.80,33.00,34.00,24.64,25.00,23.90,33.25,34.25,35.03,33.25,33.25,37.00,37.00,37.00,38.25,30.00,27.17,32.37,30.67,30.13,39.00,28.33,26.67,26.67,26.67,26.67,26.67,21.25,26.25,35.00,31.25,35.00,50.00,60.00,60.00,60.00,60.00,45.00,32.50,23.25,32.50,32.50,48.75,48.00,45.00,35.00,35.00,38.75,46.00,57.50,42.50,31.00,37.50,41.25,52.00,48.75,48.75,51.25,51.25,47.50,52.50,51.25,51.00,45.00,42.50,44.00,41.25,35.00,40.00,41.00,42.50,44.00,42.50,42.50,39.00,25.75,17.00,14.25,15.25,20.00,20.00,16.50,16.50,16.50,16.50,16.50,20.00,19.60,22.50,30.00,30.00,22.20,21.67,21.20,25.00,31.25,35.00,30.00,33.75,28.20,26.67,27.60,23.75,23.25,23.33,24.60,27.75,28.00,26.25,27.50,25.00,25.00,25.00,21.67,26.25,23.00,23.33,22.00,24.00,20.00,20.00,20.00,20.00,20.00,20.00,20.35,16.00,19.00,25.00,25.00,25.00,21.00,21.00,21.00,28.75,26.00,27.50,26.25,22.02,35.38,35.38,29.50,22.50,22.50,22.50,22.50,22.50,22.50,22.50,25.00,25.00,25.00,20.00,22.50,22.50,22.50,22.50,22.50,22.50,22.50,22.50,22.50,22.50,22.50,22.50,22.50,22.50,,,,,,
    ??????????????,???/??.,24.00,24.00,24.00,13.67,16.46,16.77,17.22,10.89,20.86,28.25,28.25,28.25,28.25,31.00,28.00,33.03,18.72,16.28,13.74,13.03,19.18,22.00,22.00,22.00,29.00,31.67,28.00,18.51,19.14,17.28,14.42,9.46,16.17,20.07,20.07,20.07,38.40,34.60,41.16,24.78,16.31,19.95,19.72,21.38,23.54,31.00,31.00,43.88,41.36,41.36,40.00,38.01,20.89,18.09,18.56,15.48,14.70,14.70,14.70,14.70,14.70,14.70,14.70,23.27,23.87,27.84,22.70,19.43,35.44,48.13,52.00,52.00,52.00,52.00,52.00,36.53,24.84,34.21,28.83,18.69,33.02,33.02,33.02,33.02,33.02,33.02,33.02,32.13,30.90,36.28,35.94,26.49,32.98,48.30,27.33,28.00,22.37,26.25,26.25,42.53,53.49,38.33,31.42,28.73,23.74,24.36,24.36,41.32,46.87,48.83,48.83,45.31,42.91,30.96,24.08,21.32,31.45,48.06,48.06,48.06,48.06,48.06,79.30,57.29,41.97,50.28,43.26,37.69,45.87,53.04,53.04,53.04,53.04,53.04,53.04,64.30,75.47,73.75,67.18,47.60,43.29,49.49,49.49,49.49,49.49,49.49,134.98,101.09,62.83,69.61,65.20,50.66,78.83,78.83,78.83,78.83,78.83,78.83,120.00,73.46,88.36,78.43,76.42,62.52,78.63,78.63,78.63,78.63,78.63,78.63,121.13,89.77,113.63,121.85,95.46,73.38,85.44,85.61,85.61,85.61,85.61,125.00,138.64,115.92,92.52,97.63,90.95,100.30,100.00,120.98,120.98,120.98,120.98,158.00,165.18,130.09,117.95,140.98,99.10,72.10,78.20,78.20,78.20,78.20,78.20,78.20,196.67,130.76,78.29,77.28,94.86,118.48,118.48,118.48,118.48,118.48,118.48,118.48,114.68,77.35,111.55,92.01,104.90,103.06,101.59,101.07,101.07,101.07,101.07,101.07,101.07,162.05,111.67,134.58,126.05,102.71,95.29,95.29,95.29,95.29,95.29,95.29,135.00,117.34,82.77,81.35,,,,,,
    ?????????????,???/??.,3.56,3.86,3.93,3.64,3.61,3.69,3.73,4.33,4.49,4.30,3.11,2.61,2.42,2.54,2.66,2.46,2.08,1.37,1.64,2.52,2.76,3.11,3.31,3.34,3.10,3.64,4.23,4.84,4.42,4.23,4.68,5.25,5.02,5.35,5.34,4.69,4.39,4.53,5.01,4.67,3.12,3.54,5.55,5.74,6.10,5.04,3.62,3.17,3.37,4.41,5.09,5.75,5.93,5.37,5.73,5.97,5.84,5.36,3.73,4.08,4.38,5.23,5.32,5.37,5.44,5.84,6.12,6.21,5.69,5.77,5.75,5.85,5.79,5.96,6.39,5.78,5.03,4.81,5.05,4.98,4.40,4.34,3.17,3.43,3.16,3.45,3.04,2.59,2.71,3.09,3.83,4.19,4.61,4.50,3.34,3.22,2.96,3.35,3.70,4.06,4.43,4.84,4.66,4.90,5.07,5.44,5.58,5.68,6.01,6.50,7.34,7.42,7.10,5.62,5.76,6.07,6.62,7.28,8.16,8.63,8.51,9.35,9.79,9.75,9.59,10.00,10.56,10.79,11.26,11.85,12.18,10.52,10.43,10.54,9.75,9.33,10.35,11.95,12.22,11.50,10.89,10.69,9.96,8.84,7.62,6.37,6.70,6.12,4.62,4.06,4.26,4.28,4.32,4.11,3.15,3.08,3.32,4.25,3.76,2.93,2.29,1.75,2.09,2.32,3.12,3.35,2.83,2.86,3.15,3.69,4.48,5.49,6.48,7.18,6.19,6.34,6.48,6.72,7.04,7.76,9.11,11.16,11.39,10.67,11.76,12.87,13.07,12.80,13.44,12.56,8.05,6.24,6.47,7.26,7.59,7.21,5.49,5.03,5.63,6.06,6.56,5.56,5.13,5.61,6.26,6.73,6.80,6.65,5.62,5.47,6.22,6.96,7.30,7.01,6.95,7.05,7.10,7.30,7.71,7.62,7.84,8.08,8.45,8.43,8.37,9.60,10.45,10.65,10.60,10.85,11.32,11.95,12.34,12.59,11.86,12.09,12.20,12.26,11.92,12.56,13.17,13.96,13.62,13.42,11.88,10.88,,,,,,
    ????,???/??.,25.35,16.00,12.50,10.83,16.20,24.87,10.33,11.67,14.18,34.80,35.12,26.54,35.25,32.45,36.32,38.68,35.39,34.25,16.04,12.82,20.44,22.51,21.00,23.37,28.80,28.61,28.74,20.50,18.84,24.51,17.37,12.37,16.33,25.60,25.25,23.23,28.05,21.12,18.56,28.78,32.54,22.65,21.14,29.56,35.30,25.00,17.62,36.33,34.11,29.74,30.84,34.34,37.73,27.69,15.13,14.32,21.90,32.47,34.91,35.85,34.67,35.62,35.13,29.50,32.43,31.36,26.37,28.39,28.39,28.39,30.56,28.01,33.99,36.00,36.00,37.83,40.73,32.75,17.68,20.48,24.57,29.96,26.70,22.27,23.89,22.92,26.93,27.50,27.41,29.10,25.23,19.72,22.83,27.42,27.20,26.78,32.17,30.00,27.10,25.80,34.50,29.71,20.92,22.25,30.34,29.00,32.29,33.91,44.27,36.54,30.44,24.50,30.00,38.10,22.12,15.47,20.41,27.00,32.75,36.96,35.37,43.04,33.71,24.83,24.50,27.42,27.02,22.65,29.68,30.08,32.97,31.98,33.91,38.41,30.90,27.50,33.88,44.24,35.20,28.26,31.46,29.45,33.42,36.93,29.52,24.00,23.82,25.28,24.26,30.89,21.19,18.50,21.44,24.50,20.82,25.61,29.29,27.88,25.50,25.72,24.50,27.45,26.01,24.32,27.56,29.99,30.63,30.74,24.83,26.47,28.82,25.13,22.50,22.25,26.02,27.36,25.79,27.50,27.50,27.50,26.36,20.68,19.50,19.50,19.50,21.88,23.66,20.30,21.29,20.64,20.24,27.89,28.40,28.21,25.13,24.84,24.65,26.60,22.13,18.78,18.20,18.23,18.24,18.17,16.51,17.17,17.06,17.17,17.86,19.98,23.13,18.77,18.00,21.33,21.33,21.33,21.33,29.33,27.00,27.67,28.80,32.25,34.00,32.25,27.25,27.60,27.25,28.00,30.07,29.85,29.85,27.75,25.00,28.25,27.80,26.36,28.05,29.00,28.50,25.16,23.44,22.25,20.20,18.33,19.00,16.40,,,,,,
    ??????,???/??.,28.52,28.52,28.52,28.52,22.85,23.35,22.32,19.80,23.22,23.55,38.33,38.33,38.33,38.33,38.33,63.50,28.87,20.77,19.07,22.24,24.60,25.79,25.79,25.79,25.79,25.79,25.79,25.68,21.07,17.53,25.50,16.30,19.90,25.00,25.00,25.00,25.00,25.00,25.00,31.25,17.37,20.76,26.98,27.39,33.33,33.33,33.33,33.33,33.33,33.33,33.33,41.67,19.37,14.54,18.46,12.31,26.57,26.57,26.57,26.57,26.57,26.57,26.57,26.57,21.32,23.98,23.99,18.31,12.28,13.16,19.00,19.00,19.00,19.00,19.00,48.59,33.44,27.57,19.67,21.10,25.00,25.00,25.00,25.00,25.00,25.00,25.00,33.81,38.00,29.88,45.78,35.99,33.25,34.99,40.25,23.33,23.33,23.33,23.33,70.00,57.55,28.47,32.99,28.46,16.68,16.68,16.68,16.68,16.68,16.68,16.68,60.00,61.25,37.00,26.31,23.44,17.10,18.64,25.00,25.00,25.00,25.00,25.00,65.00,51.62,35.46,34.89,32.71,21.46,25.00,25.00,25.00,25.00,25.00,25.00,62.00,53.59,42.93,54.47,43.52,32.16,16.86,28.00,28.00,28.00,28.00,28.00,28.00,51.98,40.81,38.55,34.20,40.00,40.00,40.00,40.00,40.00,40.00,40.00,70.00,54.00,33.32,46.11,35.71,26.67,26.67,26.67,26.67,26.67,26.67,26.67,26.67,45.73,47.30,39.33,30.80,19.56,19.56,19.56,19.56,19.56,19.56,19.56,50.00,35.20,38.68,45.61,41.67,31.54,31.54,31.54,31.54,31.54,31.54,31.54,31.54,50.34,43.63,31.76,23.41,20.83,20.83,20.83,20.83,20.83,20.83,20.83,20.83,49.13,40.19,51.25,51.25,51.25,51.25,51.25,51.25,51.25,51.25,51.25,51.25,97.94,58.01,62.92,43.83,27.82,21.00,20.00,20.00,20.00,20.00,20.00,67.50,58.72,60.03,60.03,30.00,28.22,15.95,15.95,15.95,15.95,15.95,15.95,15.95,68.00,49.48,,,,,,
    ????????????,???/??.,25.50,25.50,25.50,13.10,7.49,8.09,9.49,5.95,7.66,8.87,8.87,8.87,8.87,8.87,8.87,25.50,19.27,9.58,9.98,12.08,17.74,15.00,15.00,15.00,12.75,10.67,10.67,12.01,11.22,8.00,8.77,4.13,6.48,6.48,6.48,6.48,6.48,6.48,28.00,17.50,8.38,8.41,10.99,9.83,11.67,11.67,11.67,11.67,11.67,11.67,11.67,38.17,15.97,7.97,7.27,5.68,6.66,6.66,6.66,6.66,6.66,6.66,6.66,18.81,10.19,12.77,19.13,14.58,13.15,14.64,14.64,14.64,14.64,14.64,14.64,26.11,22.16,12.08,10.05,13.70,21.00,21.00,21.00,21.00,21.00,21.00,21.00,32.03,9.17,12.82,15.13,13.03,17.56,20.00,19.50,16.20,12.50,12.89,12.89,49.02,42.29,13.14,18.72,18.60,10.63,14.00,14.00,32.17,26.62,27.25,20.00,47.13,33.67,15.02,14.74,11.30,18.07,33.69,33.69,33.69,33.69,33.69,33.69,52.23,33.84,20.55,21.07,15.71,10.18,13.98,13.98,13.98,13.98,13.98,70.00,55.88,33.32,29.67,43.10,36.63,22.69,15.83,15.83,15.83,15.83,15.83,15.83,53.00,30.48,24.23,24.12,22.15,26.48,26.48,26.48,26.48,26.48,26.48,26.48,37.64,35.21,17.41,28.92,14.93,14.56,27.50,28.25,28.25,28.25,28.25,28.25,25.67,24.59,28.24,29.03,18.55,16.02,13.28,13.28,13.28,13.28,13.28,13.28,29.06,14.88,22.25,29.48,28.47,21.35,16.58,16.58,16.58,16.58,16.58,16.58,16.58,28.19,19.53,19.16,8.93,16.36,16.36,16.36,16.36,16.36,16.36,16.36,16.36,25.55,18.43,20.02,35.65,35.65,35.65,35.65,35.65,35.65,35.65,35.65,35.00,37.03,29.84,33.97,28.67,17.72,11.41,11.41,11.41,11.41,11.41,11.41,45.00,27.31,40.26,47.86,37.57,23.02,23.02,23.02,23.02,23.02,23.02,23.02,69.92,39.74,23.35,,,,,,
    ??????,???/??.,24.37,24.37,24.37,13.50,12.22,9.62,7.47,11.50,31.50,31.50,31.50,31.50,31.50,31.50,31.50,57.97,25.57,14.63,11.11,17.50,17.50,17.50,17.50,17.50,17.50,17.50,17.50,14.68,14.80,10.13,9.06,4.96,8.03,8.03,8.03,8.03,8.03,8.03,8.03,35.00,11.59,9.16,9.16,20.11,20.11,20.11,20.11,20.11,20.11,20.11,20.11,52.80,15.36,7.98,6.95,4.89,6.17,6.17,6.17,6.17,6.17,6.17,6.17,37.51,10.59,12.67,16.12,10.01,15.18,20.00,20.00,20.00,20.00,20.00,20.00,78.33,45.84,13.88,13.47,15.07,15.07,15.07,15.07,15.07,15.07,15.07,15.07,28.54,17.38,16.54,17.34,16.53,13.53,39.96,21.25,9.00,9.50,13.00,13.00,37.00,20.77,12.75,12.82,13.90,11.43,19.00,19.00,19.00,19.00,68.75,33.75,88.67,64.56,13.23,8.23,9.80,10.00,10.00,10.00,10.00,10.00,10.00,10.00,79.68,73.29,37.37,27.01,15.40,11.14,9.81,9.81,9.81,9.81,9.81,9.81,77.93,55.75,28.99,41.08,28.26,21.40,19.87,19.87,19.87,19.87,19.87,19.87,171.35,77.92,45.54,14.23,22.06,33.93,33.93,33.93,33.93,33.93,33.93,143.09,114.07,85.88,50.55,30.41,18.35,12.35,12.35,12.35,12.35,12.35,12.35,12.35,47.28,54.74,50.69,23.21,11.50,15.15,15.97,15.97,15.97,15.97,15.97,129.60,90.31,29.29,24.49,42.92,37.65,23.29,23.29,23.29,23.29,23.29,23.29,212.40,206.33,146.50,74.22,23.99,12.78,15.60,15.60,15.60,15.60,15.60,15.60,170.00,156.37,55.29,26.78,18.00,18.00,18.00,18.00,18.00,18.00,18.00,18.00,18.00,85.96,86.53,30.71,27.14,21.22,15.46,16.48,16.48,16.48,16.48,16.48,16.48,88.48,44.77,37.99,40.05,23.65,21.99,21.99,21.99,21.99,21.99,21.99,21.99,85.12,44.73,23.98,,,,,,
    ???????????,???/??.,62.27,59.57,55.17,53.81,67.16,74.45,87.28,84.14,83.94,93.71,71.21,63.68,67.64,57.08,62.63,66.12,66.31,71.93,64.16,60.09,59.38,61.79,57.29,61.67,62.39,64.17,66.41,64.33,51.87,54.06,41.92,48.44,45.00,43.75,43.75,48.00,48.12,42.50,42.83,42.83,43.33,44.67,52.50,53.54,45.67,43.75,45.62,51.00,48.12,62.08,50.33,49.44,48.12,50.00,52.08,52.00,46.25,53.12,58.33,62.50,68.75,62.50,71.00,60.00,60.00,70.00,65.00,66.67,67.50,63.33,80.00,90.00,90.00,100.00,98.33,100.00,113.89,118.75,116.67,131.33,130.21,139.67,150.00,150.00,150.00,150.00,150.00,151.00,150.00,150.00,150.00,150.00,150.00,150.00,152.17,149.33,139.00,174.66,147.92,144.80,146.40,145.00,134.00,133.75,126.00,127.50,125.00,150.62,162.19,161.25,153.00,141.67,132.12,139.00,141.87,151.25,154.33,148.33,149.79,160.00,158.33,187.50,178.00,180.00,151.66,152.66,162.71,163.50,175.25,181.67,175.67,176.87,192.92,193.83,164.16,156.66,170.00,169.17,196.87,224.80,188.33,182.92,183.33,188.43,189.60,184.17,187.00,188.23,213.43,218.50,212.60,214.50,213.25,206.00,181.00,174.41,190.75,195.00,191.00,187.67,180.27,179.00,187.08,190.07,193.33,195.73,190.00,192.50,190.12,188.39,186.56,188.61,192.00,192.50,190.50,210.04,233.00,241.08,237.13,221.67,216.47,216.37,212.71,215.52,209.33,220.41,213.67,221.50,221.87,235.00,227.71,247.00,214.10,239.37,225.00,200.00,194.33,193.54,203.33,187.33,195.00,200.00,200.00,207.50,220.00,200.00,197.50,196.67,198.00,202.50,202.50,210.00,203.75,202.00,198.75,198.75,198.75,196.25,195.00,202.50,205.50,206.25,219.17,222.50,228.33,216.78,214.58,222.50,235.00,212.91,222.50,232.91,238.96,224.58,237.00,238.33,243.67,235.83,222.08,219.69,209.79,218.12,224.75,230.00,225.00,238.33,,,,,,
    ???????,???/??.,6.67,6.67,6.67,6.67,10.55,9.17,9.17,9.17,9.17,9.17,9.17,9.17,9.17,9.17,72.50,30.30,16.39,10.40,10.40,10.40,10.40,10.40,10.40,10.40,10.40,10.40,10.40,10.40,8.25,6.50,6.50,6.50,6.50,6.50,6.50,6.50,6.50,6.50,6.50,14.00,19.12,19.12,19.12,19.12,19.12,19.12,19.12,19.12,19.12,19.12,19.12,20.00,8.07,8.75,8.75,8.75,8.75,8.75,8.75,8.75,8.75,8.75,8.75,8.75,13.86,16.50,16.50,16.50,16.50,16.50,16.50,16.50,16.50,16.50,16.50,16.50,27.09,27.09,27.09,27.09,27.09,27.09,27.09,27.09,27.09,27.09,27.09,14.50,10.14,13.50,13.50,13.50,13.50,13.50,13.50,13.50,13.50,13.50,13.50,13.50,17.00,21.87,23.50,23.50,23.50,23.50,23.50,23.50,23.50,23.50,23.50,23.50,11.74,11.54,11.54,11.54,11.54,11.54,11.54,11.54,11.54,11.54,11.54,11.45,16.10,14.41,14.41,14.41,14.41,14.41,14.41,14.41,14.41,14.41,14.41,14.41,27.17,29.33,29.33,29.33,29.33,29.33,29.33,29.33,29.33,29.33,29.33,29.33,20.33,19.79,19.79,19.79,19.79,19.79,19.79,19.79,19.79,19.79,19.79,19.79,24.17,13.83,13.83,13.83,13.83,13.83,13.83,13.83,13.83,13.83,13.83,13.83,37.70,49.50,49.50,49.50,49.50,49.50,49.50,49.50,49.50,49.50,49.50,49.50,22.78,22.78,22.78,22.78,22.78,22.78,22.78,22.78,22.78,22.78,22.78,22.78,25.63,15.00,15.00,15.00,15.00,15.00,15.00,15.00,15.00,15.00,15.00,15.00,17.75,16.00,16.00,16.00,16.00,16.00,16.00,16.00,16.00,16.00,16.00,16.00,28.04,27.00,27.00,27.00,27.00,27.00,27.00,27.00,27.00,27.00,27.00,27.00,27.00,27.00,27.00,27.00,27.00,27.00,27.00,27.00,27.00,27.00,27.00,27.00,26.67,25.00,,,,,,
  1.4 ???????????,,,,,,,,,,,,,,,,,,,,,,,,,,,,,,,,,,,,,,,,,,,,,,,,,,,,,,,,,,,,,,,,,,,,,,,,,,,,,,,,,,,,,,,,,,,,,,,,,,,,,,,,,,,,,,,,,,,,,,,,,,,,,,,,,,,,,,,,,,,,,,,,,,,,,,,,,,,,,,,,,,,,,,,,,,,,,,,,,,,,,,,,,,,,,,,,,,,,,,,,,,,,,,,,,,,,,,,,,,,,,,,,,,,,,,,,,,,,,,,,,,,,,,,,,,,,,
    ??????,???/??.,10.12,7.10,7.70,10.57,13.59,13.59,13.59,13.59,13.59,13.59,34.88,14.87,17.81,16.25,17.25,21.00,21.00,21.00,21.00,21.00,21.00,21.00,21.00,19.50,12.83,9.00,7.25,7.30,7.30,7.30,7.30,7.30,7.30,7.30,42.90,33.10,11.44,12.00,16.97,21.83,24.83,24.83,24.83,24.83,24.83,24.83,39.50,17.82,15.25,9.79,11.77,11.85,16.00,20.50,20.50,20.50,20.50,20.50,20.50,17.83,11.70,10.97,11.62,11.50,11.50,11.50,11.50,11.50,11.50,11.50,53.25,21.25,25.97,28.45,19.19,16.00,18.50,18.50,18.50,18.50,18.50,18.50,18.50,15.00,10.80,8.96,9.45,9.45,9.45,9.45,9.45,9.45,9.45,9.45,29.90,29.90,16.00,14.00,13.00,13.00,13.00,13.00,13.00,13.00,13.00,13.00,13.00,31.67,19.00,9.50,11.20,8.17,7.50,7.50,7.50,7.50,7.50,7.50,7.50,17.75,18.00,12.50,8.00,18.18,19.33,21.00,21.00,21.00,21.00,21.00,21.00,41.00,34.75,20.40,23.38,20.41,20.41,20.41,20.41,20.41,20.41,20.41,20.41,30.36,24.60,16.00,19.10,24.39,26.91,26.91,26.91,26.91,26.91,26.91,50.00,48.75,15.25,12.03,12.00,12.00,12.00,12.00,12.00,12.00,12.00,12.00,12.00,24.00,25.75,23.25,8.90,8.15,15.00,15.00,15.00,15.00,15.00,15.00,15.00,15.00,29.65,28.19,28.15,28.15,28.15,28.15,28.15,28.15,28.15,28.15,28.15,28.15,42.27,25.29,23.02,23.19,24.61,26.71,26.71,26.71,26.71,26.71,26.71,35.01,26.39,19.47,24.35,30.67,33.55,37.05,37.05,37.05,37.05,37.05,37.05,50.26,38.64,30.47,30.02,34.55,34.55,34.55,34.55,34.55,34.55,34.55,34.55,52.07,30.11,34.90,36.68,40.69,40.69,40.69,40.69,40.69,40.69,40.69,40.69,41.66,27.13,25.60,28.46,30.96,31.93,31.93,,,,,,
    ????????,???/??.,20.00,23.00,21.97,20.20,20.60,21.08,19.23,20.90,24.50,26.10,32.94,28.00,29.80,26.82,25.60,25.61,30.42,31.51,34.33,37.02,41.39,44.90,58.32,52.17,53.99,29.77,34.31,35.14,35.14,35.14,35.14,35.14,35.14,35.14,35.14,35.14,24.50,17.22,17.21,13.09,19.51,19.51,19.51,22.50,22.50,22.50,22.50,22.50,21.00,22.50,24.13,24.13,25.76,28.25,34.75,37.70,63.25,67.00,72.00,72.00,72.00,72.00,50.24,60.59,60.59,60.59,60.59,60.59,60.59,60.59,60.59,60.59,60.59,41.18,35.26,34.37,34.37,34.37,34.37,34.37,34.37,34.37,34.37,34.37,84.10,70.89,76.45,29.27,29.03,29.03,29.03,29.03,29.03,29.03,29.03,29.03,29.03,49.88,45.06,45.87,45.87,45.87,45.87,45.87,45.87,45.87,45.87,45.87,45.87,85.99,76.93,27.52,27.52,27.52,27.52,27.52,27.52,27.52,27.52,27.52,77.39,68.80,65.36,33.02,33.02,33.02,33.02,33.02,33.02,33.02,33.02,33.02,33.02,68.80,82.55,82.55,82.55,82.55,82.55,82.55,82.55,82.55,82.55,82.55,82.55,82.55,82.55,82.55,82.55,82.55,82.55,82.55,82.55,82.55,82.55,82.55,82.55,96.31,96.31,96.31,96.31,33.52,36.34,39.60,42.39,42.39,42.39,42.39,42.39,42.39,20.97,28.43,32.91,32.91,32.91,32.91,32.91,32.91,32.91,32.91,32.91,42.44,30.48,24.28,42.70,44.62,44.62,44.62,44.62,44.62,44.62,44.62,44.62,56.76,33.86,28.96,29.91,31.76,31.76,31.76,31.76,31.76,31.76,31.76,31.76,44.28,30.48,35.39,40.88,41.83,41.83,41.83,41.83,41.83,41.83,41.83,80.30,76.22,63.01,65.17,65.17,65.17,65.17,65.17,65.17,65.17,65.17,65.17,65.17,84.33,70.96,66.03,73.38,77.16,79.82,79.82,79.82,79.82,79.82,79.82,79.82,78.02,81.69,82.78,63.51,63.51,,,,,,
    ????????,???/??.,8.28,8.33,8.15,8.13,8.13,8.13,8.13,13.93,13.90,13.90,13.90,8.90,8.90,8.95,8.32,8.40,8.40,8.40,8.40,10.10,10.10,10.10,10.10,10.10,8.35,8.24,7.71,8.35,8.35,8.35,8.35,8.35,8.35,8.35,13.50,13.50,13.50,8.86,8.71,8.70,8.70,8.70,8.70,13.50,13.50,13.50,13.50,13.50,15.33,13.33,11.45,11.45,11.45,11.45,11.45,13.70,13.70,13.70,13.70,13.70,13.70,9.62,9.50,10.65,10.65,10.65,10.65,13.70,13.70,13.70,13.70,13.70,13.70,10.20,10.20,10.75,10.75,10.75,10.75,10.75,10.75,10.75,10.75,10.75,11.25,11.35,11.35,11.61,11.65,11.65,13.70,13.70,13.70,13.70,13.70,13.70,11.08,11.25,11.44,10.95,10.95,13.70,13.70,13.70,13.70,13.70,13.70,13.70,13.70,12.20,12.20,12.20,12.20,12.20,12.20,12.20,13.70,13.70,13.70,13.70,11.20,11.20,12.15,12.10,12.10,12.10,12.10,12.10,12.10,13.70,13.70,13.70,13.70,13.70,12.11,11.01,11.01,11.01,11.01,14.00,14.00,14.00,14.00,14.00,14.00,11.05,11.05,11.05,11.05,11.05,11.05,14.00,14.00,14.00,14.00,14.00,14.00,11.25,12.00,11.76,11.78,11.85,11.85,14.00,14.00,14.00,14.00,14.00,14.00,14.00,13.05,13.64,14.00,14.00,14.00,14.00,14.00,14.00,14.00,14.00,14.00,12.90,12.26,12.47,14.00,14.00,14.00,14.00,14.00,14.00,14.00,14.00,11.00,11.75,11.00,11.00,11.00,11.00,11.00,14.00,14.00,14.00,14.00,14.00,14.00,11.00,11.57,11.20,11.20,11.20,11.20,11.20,11.20,11.20,11.20,11.20,11.20,13.00,13.00,13.00,13.00,13.00,13.00,13.00,13.00,12.75,12.75,12.75,12.75,12.75,13.24,13.28,13.28,13.25,13.25,13.25,13.25,13.25,13.25,13.25,13.25,13.24,13.24,13.24,13.24,13.24,,,,,,
    ??????????,???/??.,5.90,4.00,3.82,6.00,6.20,5.75,7.62,7.62,7.62,7.62,7.62,7.62,10.46,5.02,8.06,9.42,8.83,8.83,8.83,8.83,8.83,8.83,15.25,17.12,13.72,5.78,4.13,4.13,4.13,4.13,4.13,4.13,4.13,4.13,4.13,4.13,3.41,1.96,5.00,5.00,5.00,5.00,5.00,5.00,5.00,5.00,6.75,7.00,2.50,4.00,7.53,9.00,9.00,9.00,9.00,9.00,9.00,9.00,9.00,13.50,16.02,10.20,9.51,9.51,9.51,9.51,9.51,9.51,9.51,9.51,9.51,9.51,15.51,15.56,11.00,11.00,11.00,11.00,11.00,11.00,11.00,11.00,11.00,11.00,7.27,5.07,5.51,5.51,5.51,5.51,5.51,5.51,5.51,5.51,5.51,12.50,12.26,9.07,8.16,9.83,9.83,9.83,9.83,9.83,9.83,9.83,9.83,9.83,11.96,8.14,10.32,10.32,10.32,10.32,10.32,10.32,10.32,10.32,10.32,10.32,10.00,8.77,8.18,7.92,7.92,7.92,7.92,7.92,7.92,7.92,7.92,7.92,15.50,14.34,10.77,12.00,12.00,12.00,12.00,12.00,12.00,12.00,12.00,12.00,15.96,13.63,14.41,14.41,14.41,14.41,14.41,14.41,14.41,14.41,14.41,14.41,14.75,10.50,5.50,5.50,5.50,5.50,5.50,5.50,5.50,5.50,5.50,5.50,11.50,8.03,11.89,11.89,11.89,11.89,11.89,11.89,11.89,11.89,11.89,11.89,14.75,8.74,6.30,6.30,6.30,6.30,6.30,6.30,6.30,6.30,6.30,6.30,13.00,8.25,6.75,6.75,6.75,6.75,6.75,6.75,6.75,6.75,6.75,6.75,15.21,12.02,11.03,11.03,11.03,11.03,11.03,11.03,11.03,11.03,11.03,11.03,18.79,10.68,12.79,14.97,14.97,14.97,14.97,14.97,14.97,14.97,14.97,14.97,14.97,14.97,11.95,11.63,11.63,11.63,11.63,11.63,11.63,11.63,11.63,11.63,12.33,11.20,11.95,11.58,11.58,11.58,,,,,,
  1.5 ??????????????,,,,,,,,,,,,,,,,,,,,,,,,,,,,,,,,,,,,,,,,,,,,,,,,,,,,,,,,,,,,,,,,,,,,,,,,,,,,,,,,,,,,,,,,,,,,,,,,,,,,,,,,,,,,,,,,,,,,,,,,,,,,,,,,,,,,,,,,,,,,,,,,,,,,,,,,,,,,,,,,,,,,,,,,,,,,,,,,,,,,,,,,,,,,,,,,,,,,,,,,,,,,,,,,,,,,,,,,,,,,,,,,,,,,,,,,,,,,,,,,,,,,,,,,,,,,,
    ??????????? ,???/??.,2.69,2.16,2.42,2.39,2.46,2.90,3.35,3.23,2.81,3.06,2.85,2.84,2.85,2.76,2.38,1.92,1.95,2.06,2.21,2.47,2.47,2.33,2.74,2.97,3.02,3.01,3.04,3.19,3.91,4.46,4.27,4.20,4.26,4.55,4.73,5.46,5.90,5.28,4.85,4.96,4.17,5.33,5.72,4.38,3.66,2.72,2.50,2.90,3.31,3.90,2.89,3.18,4.18,4.14,3.51,3.84,3.39,3.25,3.85,4.36,3.88,3.57,3.48,3.42,3.38,3.86,4.08,4.53,4.83,5.17,6.13,6.92,8.63,7.19,5.01,4.75,5.28,5.39,4.71,5.07,5.05,4.05,4.71,4.85,4.89,5.46,5.71,5.73,5.20,5.04,5.52,4.95,4.38,3.66,3.82,2.91,3.15,3.38,3.54,3.01,3.11,3.52,3.30,3.41,3.81,3.84,4.28,5.05,5.19,5.52,4.70,3.30,3.43,3.90,4.33,4.14,3.85,4.11,4.59,5.19,5.47,5.76,3.97,3.30,3.61,4.19,3.68,3.37,3.42,3.91,4.19,4.51,5.23,4.86,4.50,5.13,5.24,5.43,6.73,6.06,5.50,5.58,5.44,5.43,5.41,5.92,4.81,4.15,4.32,3.74,3.59,3.40,3.72,3.49,3.33,2.79,2.95,3.44,2.92,2.81,3.10,4.00,3.58,3.18,3.01,2.83,2.52,2.49,2.46,2.53,2.17,1.91,1.94,2.97,2.65,2.38,2.58,2.85,3.56,4.55,6.47,5.19,4.30,3.00,2.90,3.08,3.23,3.53,4.20,5.28,6.65,6.87,6.62,6.67,5.46,4.75,5.42,5.68,6.27,6.75,7.24,8.27,8.64,8.85,10.29,8.54,9.67,10.02,10.10,9.22,6.89,6.27,5.12,5.22,5.76,4.66,4.36,4.82,5.54,5.78,5.28,5.17,5.47,5.34,5.06,5.49,5.98,5.05,5.92,5.61,5.45,4.83,3.95,4.44,5.01,5.89,6.34,7.58,7.88,7.67,8.28,8.87,6.03,4.82,4.15,4.27,,,,,,
    ???????,???/??????,439.00,458.00,457.00,443.00,428.00,402.00,390.00,392.00,381.00,433.00,506.00,621.00,696.00,701.00,729.00,709.00,626.00,573.00,516.00,438.00,432.00,476.00,586.00,557.00,550.00,542.00,478.00,453.00,424.00,386.00,355.00,325.00,332.00,361.00,403.00,450.00,445.00,447.00,551.00,608.00,628.00,611.00,592.00,613.00,618.00,647.00,694.00,699.00,673.00,636.00,635.00,654.00,641.00,562.00,547.00,532.00,507.00,529.00,528.00,527.00,522.00,531.00,576.00,588.00,572.00,582.00,565.00,572.00,619.00,654.00,815.00,"1,190.00","1,348.00","1,436.00","1,473.00","1,426.00","1,415.00","1,363.00","1,304.00","1,230.00","1,207.00","1,216.00","1,276.00","1,245.00","1,283.00","1,245.00","1,046.00",859.00,621.00,421.00,321.00,315.00,338.00,334.00,336.00,381.00,463.00,487.00,536.00,662.00,764.00,772.00,757.00,736.00,827.00,"1,185.00","1,449.00","1,550.00","1,540.00","1,536.00","1,549.00","1,530.00","1,432.00","1,096.00",930.00,811.00,754.00,862.00,980.00,945.00,953.00,987.00,"1,018.00","1,061.00","1,036.00",892.00,733.00,736.00,738.00,911.00,"1,226.00","1,633.00","1,757.00","1,772.00","1,718.00","1,522.00","1,352.00","1,202.00","1,034.00","1,133.00","1,285.00","1,442.26","1,664.08","1,799.46","1,846.28","1,882.07","1,737.15","1,732.37","1,723.29","1,763.47","1,647.24","1,538.09","1,533.90","1,599.26","1,709.94","1,720.81","1,580.40","1,554.02","1,355.36","1,147.33",920.23,740.65,616.99,521.68,466.54,483.07,512.00,501.85,559.34,617.70,681.12,708.36,715.77,640.84,616.17,678.75,768.61,916.66,"1,170.83","1,420.73","1,553.57","1,606.00","1,588.24","1,351.25","1,297.48","1,297.89","1,192.10","1,191.24","1,385.00","1,589.35","1,728.85","1,751.51","1,656.02","1,502.94","1,481.68","1,442.90","1,208.27","1,040.00",909.07,792.81,943.46,"1,111.77","1,247.04","1,334.58","1,287.32","1,267.31","1,337.34","1,262.53","1,100.25",932.51,777.08,864.37,808.07,871.12,964.18,"1,019.39","1,064.96","1,123.56","1,146.43","1,075.31","1,008.68",898.84,786.20,826.04,789.99,875.00,"1,200.21","1,233.47","1,430.74","1,460.96","1,618.48","1,618.09","1,413.27","1,313.61","1,268.26","1,308.78","1,546.33","1,937.16","2,168.60","2,235.82","2,131.68","2,100.55","2,004.37","2,053.90","2,049.18","1,903.64",,,,,,
    ??????????,???/??.,13.00,11.35,11.07,11.23,10.15,10.15,11.70,10.90,9.85,9.23,10.10,10.19,10.19,10.19,10.37,10.13,10.04,10.04,10.35,10.35,11.17,10.95,10.59,11.19,11.19,11.19,10.85,10.49,10.32,9.75,9.75,12.00,11.94,10.95,12.33,15.25,16.15,16.15,16.82,17.45,17.14,17.14,17.14,17.14,17.76,15.87,16.00,15.83,15.83,15.83,14.77,15.01,14.67,14.00,14.00,14.10,13.85,12.69,15.02,15.22,15.00,15.00,13.65,14.06,14.06,14.06,14.06,14.06,14.06,14.06,14.90,14.51,14.35,15.53,15.52,15.44,13.76,13.76,13.76,13.76,14.00,14.37,15.96,15.60,14.85,14.85,14.21,15.50,17.28,17.28,17.28,17.28,17.28,17.50,19.85,18.35,18.35,18.35,18.03,18.61,19.60,19.60,19.60,19.60,18.35,18.35,17.52,17.85,19.36,19.36,18.16,19.27,20.00,20.00,20.00,17.35,17.35,17.35,15.26,13.85,13.85,13.85,15.52,15.62,15.25,15.25,15.25,15.25,15.41,14.93,15.35,15.35,15.35,15.35,15.00,14.90,14.02,14.22,14.22,14.22,14.17,13.20,14.00,14.00,14.00,14.00,16.45,16.78,16.95,16.95,12.90,13.45,13.17,13.16,15.75,16.24,16.39,16.75,15.94,17.06,17.23,16.60,16.60,16.60,16.60,15.00,16.54,19.16,16.16,16.96,15.89,17.44,17.44,17.44,17.44,17.44,13.80,14.30,15.20,17.35,17.11,15.80,16.34,16.95,17.90,17.90,16.12,16.83,16.83,17.00,17.00,17.63,17.00,17.02,17.17,17.73,18.03,18.03,18.03,18.03,18.03,18.03,15.55,15.50,15.50,15.50,19.85,17.61,20.50,20.50,20.50,20.50,20.50,18.33,19.00,20.75,24.06,26.12,26.45,22.12,21.53,21.50,21.50,23.94,23.38,22.19,16.37,16.75,16.75,16.75,19.45,21.67,19.78,17.50,17.50,17.00,17.00,17.00,17.00,17.10,17.14,17.14,17.00,18.43,21.67,20.00,,,,,,
    ????????,???/??.,15.00,15.00,15.00,14.93,15.61,16.22,15.00,13.35,13.26,13.81,14.66,14.66,14.66,14.66,16.00,16.24,16.36,16.50,14.25,13.01,11.40,11.90,11.69,12.26,13.41,13.36,13.46,14.46,15.93,14.80,13.63,15.32,14.97,14.24,14.68,14.65,14.96,15.26,15.92,15.43,19.18,18.51,18.74,18.85,18.44,19.44,18.58,19.22,18.30,19.32,20.87,21.10,20.32,20.40,19.21,19.63,20.83,21.46,21.77,22.27,20.79,20.53,20.54,22.05,20.28,20.25,21.07,20.80,20.42,20.56,21.00,20.27,20.29,20.42,20.75,22.04,22.42,24.00,25.22,24.48,23.95,24.40,25.00,25.00,25.20,25.75,26.44,26.85,25.10,25.00,24.60,24.09,24.31,24.30,39.49,38.94,39.50,40.75,40.00,35.15,39.90,38.12,39.96,40.00,39.96,42.30,42.50,50.00,52.00,37.00,38.00,38.67,37.00,36.00,36.00,36.00,42.61,47.49,45.16,45.00,45.00,35.00,37.00,40.00,42.00,42.00,42.00,42.57,49.98,59.22,50.75,41.25,40.00,40.00,40.00,44.00,46.49,43.00,43.00,43.00,43.00,42.12,49.62,51.75,51.80,50.62,47.50,44.68,44.89,35.62,30.04,33.05,34.39,35.67,35.75,42.50,44.50,38.25,42.17,44.66,50.07,50.63,42.50,42.50,42.50,49.39,46.88,37.63,60.67,52.40,61.68,54.05,55.86,79.53,58.92,58.76,43.26,51.35,48.66,47.92,51.33,49.37,54.42,64.35,52.67,49.90,44.89,39.86,43.64,47.82,50.43,50.20,54.83,47.37,54.09,50.47,47.04,42.83,45.23,42.66,39.82,42.85,43.79,47.30,49.46,45.34,40.99,42.22,40.64,40.35,40.49,47.76,53.29,45.09,35.83,38.25,39.00,36.01,41.66,40.66,47.60,41.71,39.19,46.04,41.91,45.37,48.69,42.91,45.00,44.89,47.73,46.50,51.94,50.88,40.00,40.00,40.00,40.00,40.00,40.00,40.00,40.00,57.37,62.18,63.88,63.79,,,,,,
  1.6 ??????????????,,0.00,0.00,0.00,0.00,0.00,0.00,0.00,0.00,0.00,0.00,0.00,0.00,0.00,0.00,0.00,0.00,0.00,0.00,0.00,0.00,0.00,0.00,0.00,0.00,0.00,0.00,0.00,0.00,0.00,0.00,0.00,0.00,0.00,0.00,0.00,0.00,0.00,0.00,0.00,0.00,0.00,0.00,0.00,0.00,0.00,0.00,0.00,0.00,0.00,0.00,0.00,0.00,0.00,0.00,0.00,0.00,0.00,0.00,0.00,0.00,0.00,0.00,0.00,0.00,0.00,0.00,0.00,0.00,0.00,0.00,0.00,0.00,0.00,0.00,0.00,0.00,0.00,0.00,0.00,0.00,0.00,0.00,0.00,0.00,0.00,0.00,0.00,0.00,0.00,0.00,0.00,0.00,0.00,0.00,0.00,0.00,0.00,0.00,0.00,0.00,0.00,0.00,0.00,0.00,0.00,0.00,0.00,0.00,0.00,0.00,0.00,0.00,0.00,0.00,0.00,0.00,0.00,0.00,0.00,0.00,0.00,0.00,0.00,0.00,0.00,0.00,0.00,0.00,0.00,0.00,0.00,0.00,0.00,0.00,0.00,0.00,0.00,0.00,0.00,0.00,0.00,0.00,0.00,0.00,0.00,0.00,0.00,0.00,0.00,0.00,0.00,0.00,0.00,0.00,0.00,0.00,0.00,0.00,0.00,0.00,0.00,0.00,0.00,0.00,0.00,0.00,0.00,0.00,0.00,0.00,0.00,0.00,0.00,0.00,0.00,0.00,0.00,51.35,0.00,0.00,0.00,0.00,0.00,0.00,0.00,0.00,0.00,0.00,0.00,0.00,0.00,0.00,0.00,0.00,0.00,0.00,0.00,0.00,0.00,0.00,0.00,0.00,0.00,0.00,0.00,0.00,0.00,0.00,0.00,0.00,0.00,0.00,0.00,0.00,0.00,0.00,0.00,0.00,0.00,0.00,0.00,0.00,0.00,0.00,0.00,0.00,0.00,0.00,0.00,0.00,0.00,0.00,0.00,0.00,0.00,0.00,0.00,0.00,0.00,0.00,,,,,,,,,,,,
    ???????????????????,???/??.,0.10,0.10,0.10,0.10,0.10,0.10,0.10,0.10,0.10,0.10,0.10,0.10,0.10,0.10,0.10,0.10,0.10,0.10,0.10,0.10,0.10,0.10,0.10,0.10,0.10,0.10,0.10,0.10,0.10,0.10,0.10,0.10,0.10,0.10,0.10,0.10,0.10,0.10,0.10,0.10,0.10,0.10,0.10,0.10,0.10,0.10,0.10,0.10,0.10,0.10,0.10,0.10,0.10,0.10,0.10,0.10,0.10,0.10,0.10,0.10,0.10,0.10,0.10,0.10,0.10,0.10,0.10,0.10,0.10,0.10,0.10,0.10,0.10,0.10,0.10,0.10,0.10,0.10,0.10,0.10,0.10,0.10,0.10,0.10,0.10,0.10,0.10,0.10,0.10,0.10,0.10,0.10,0.10,0.10,0.10,0.10,0.10,0.10,0.10,0.10,0.10,0.10,0.10,0.10,0.10,0.10,0.10,0.10,0.10,0.10,0.10,0.10,0.10,0.10,0.10,0.10,0.10,0.10,0.10,0.10,0.10,0.10,0.10,0.10,0.10,0.10,0.10,0.10,0.10,0.10,0.10,0.10,0.10,0.10,0.10,0.10,0.10,0.10,0.10,0.10,0.10,0.10,0.10,0.10,0.10,0.10,0.10,0.10,0.10,0.10,0.10,0.10,0.10,0.10,0.10,0.10,0.10,0.10,0.10,0.10,0.10,0.10,0.10,0.10,0.10,0.10,0.10,0.10,0.10,0.10,0.10,0.10,0.10,0.10,0.10,0.10,0.10,0.10,0.10,0.10,0.10,0.10,0.10,0.10,0.10,0.10,0.10,0.10,0.10,0.10,0.10,0.10,0.10,0.10,0.10,0.10,0.10,0.10,0.10,0.10,0.10,0.10,0.10,0.10,0.10,0.10,0.10,0.10,0.10,0.10,0.10,0.10,0.10,0.10,0.10,0.10,0.10,0.10,0.10,0.10,0.10,0.10,0.10,0.10,0.10,0.10,0.10,0.10,0.10,0.10,0.10,0.10,0.10,0.10,0.10,0.10,0.10,0.10,0.10,0.10,0.10,0.00,0.00,0.00,0.00,0.00,,,,,,
  1.6 ??????????????,,,,,,,,,,,,,,,,,,,,,,,,,,,,,,,,,,,,,,,,,,,,,,,,,,,,,,,,,,,,,,,,,,,,,,,,,,,,,,,,,,,,,,,,,,,,,,,,,,,,,,,,,,,,,,,,,,,,,,,,,,,,,,,,,,,,,,,,,,,,,,,,,,,,,,,,,,,,,,,,,,,,,,,,,,,,,,,,,,,,,,,,,,,,,,,,,,,,,,,,,,,,,,,,,,,,,,,,,,,,,,,,,,,,,,,,,,,,,,,,,,,,,,,,,,,,,
    ???????? (??????? 40-50 ??.),???/???,1.50,3.61,3.37,3.14,6.34,6.57,5.95,5.17,4.83,4.13,3.07,3.03,5.24,4.99,4.62,5.50,6.53,6.69,5.22,3.03,2.23,2.60,2.12,4.37,3.32,4.88,3.94,3.81,3.51,3.39,4.40,3.22,2.67,2.74,2.74,2.93,2.67,3.72,4.42,4.42,4.68,2.51,3.57,3.21,2.84,3.04,2.67,2.31,3.75,3.89,2.70,3.89,4.50,3.28,2.76,2.37,2.39,2.43,2.34,2.25,2.33,2.42,2.82,2.72,2.36,3.33,3.97,3.55,2.68,2.36,2.14,2.01,3.27,3.91,3.24,2.81,3.18,3.29,2.38,2.41,2.99,2.49,2.21,3.55,4.36,3.07,6.18,4.40,6.00,4.05,3.57,3.49,2.22,2.87,3.11,3.25,3.25,3.33,3.08,1.86,1.86,1.90,1.90,2.71,3.96,1.75,1.78,1.89,2.99,2.57,1.55,1.85,2.28,2.63,1.90,1.82,1.79,1.57,1.90,1.38,1.87,2.05,1.83,2.03,2.16,2.41,1.94,1.90,1.66,1.73,2.52,2.00,1.83,1.89,1.79,2.16,3.07,3.15,4.21,3.07,1.65,1.07,1.59,1.37,1.64,1.53,1.55,1.27,1.90,3.40,2.64,1.74,1.20,1.27,1.16,4.12,3.25,3.75,2.42,1.58,2.59,2.13,0.88,1.32,0.84,0.88,1.00,1.29,2.22,2.29,1.74,1.06,1.72,3.75,3.42,3.06,1.45,0.93,1.49,0.92,1.76,1.33,1.09,0.54,0.35,1.05,1.49,1.83,1.34,1.25,1.26,1.12,0.73,0.81,2.06,1.74,1.18,1.52,1.09,0.84,0.71,0.95,0.79,1.17,2.16,1.45,1.69,3.00,5.00,5.52,4.85,3.28,2.33,2.15,2.92,2.87,3.22,3.16,3.74,2.02,3.73,4.92,7.80,4.62,1.92,1.05,0.94,0.92,1.25,0.62,0.94,1.04,2.25,2.25,2.40,2.37,1.25,0.94,0.81,1.09,2.12,1.94,1.25,1.58,2.81,3.10,,,,,,
2. ???????????? ,,,,,,,,,,,,,,,,,,,,,,,,,,,,,,,,,,,,,,,,,,,,,,,,,,,,,,,,,,,,,,,,,,,,,,,,,,,,,,,,,,,,,,,,,,,,,,,,,,,,,,,,,,,,,,,,,,,,,,,,,,,,,,,,,,,,,,,,,,,,,,,,,,,,,,,,,,,,,,,,,,,,,,,,,,,,,,,,,,,,,,,,,,,,,,,,,,,,,,,,,,,,,,,,,,,,,,,,,,,,,,,,,,,,,,,,,,,,,,,,,,,,,,,,,,,,,
  ??????????? (100 ?.?. ??????),???/??.,46.46,47.67,49.73,51.67,52.52,51.45,51.25,51.02,49.69,46.10,47.45,49.64,50.01,49.14,48.87,49.09,49.47,49.06,47.99,46.96,46.29,44.49,43.08,40.36,33.32,32.30,35.34,37.08,37.29,36.92,39.50,41.77,41.83,40.04,42.17,42.44,44.25,53.89,56.42,57.49,56.09,54.16,53.85,53.40,52.97,52.48,52.74,52.28,53.00,55.09,56.40,59.37,61.00,59.75,57.97,56.67,56.89,55.68,55.29,55.49,56.93,59.92,61.02,61.53,62.10,62.43,62.46,62.12,60.65,57.93,56.93,55.88,55.51,58.77,60.61,64.54,69.33,69.93,70.81,76.44,73.62,64.05,59.14,62.14,61.06,55.96,52.89,57.63,62.05,59.24,57.61,57.10,55.57,51.53,54.61,54.56,57.58,63.07,60.68,65.08,64.74,65.92,66.90,69.85,68.94,66.38,67.37,67.68,70.58,73.32,74.69,77.72,79.50,80.42,79.97,78.95,75.81,71.84,69.30,68.49,64.92,62.99,62.18,65.15,66.15,68.20,68.35,68.23,69.36,67.08,65.60,64.65,64.74,64.91,64.61,66.33,70.44,71.92,70.67,70.08,68.42,65.25,64.01,61.93,61.30,60.72,59.03,60.35,63.86,63.04,60.53,60.50,59.86,54.89,53.10,50.55,48.22,47.90,46.55,54.40,57.37,56.86,57.54,59.45,60.12,59.48,60.31,60.11,63.98,67.04,66.88,69.04,71.62,72.01,70.86,68.97,65.35,60.74,59.79,61.53,68.86,70.09,68.54,66.53,67.30,67.87,73.82,77.76,77.89,77.74,74.92,71.03,75.11,76.23,76.05,77.10,75.36,72.07,71.31,69.24,66.79,67.66,73.41,77.47,100.54,92.73,87.86,90.63,97.34,101.37,103.12,104.15,104.67,103.93,104.83,102.36,100.52,93.88,87.75,86.72,81.25,79.09,72.73,69.49,68.70,64.25,64.68,66.27,67.57,67.22,64.06,65.58,70.67,69.08,69.16,70.15,71.24,70.55,70.57,71.09,71.82,73.38,76.35,82.36,84.59,83.62,,,,,,
  ????????,???/??.,29.79,34.41,35.55,36.91,38.03,37.51,36.90,37.91,37.70,37.35,34.93,33.64,35.06,34.26,31.62,33.68,33.87,31.68,29.18,29.29,29.03,28.67,30.25,32.05,31.07,28.84,30.68,31.93,32.36,33.63,36.01,36.40,36.52,35.17,35.64,35.59,35.19,36.51,36.90,38.29,38.65,37.52,36.56,37.61,38.52,36.98,36.96,37.08,35.83,36.91,32.84,35.49,37.12,38.99,39.31,39.19,39.29,39.46,40.18,41.01,43.06,44.22,41.90,40.61,42.88,45.31,44.94,42.85,42.13,41.71,41.31,42.48,44.60,46.15,47.11,48.69,50.74,49.67,47.34,46.77,46.31,45.19,44.49,44.61,45.27,43.30,35.55,40.96,43.50,43.00,42.07,41.43,39.54,38.50,41.76,43.52,43.71,42.20,42.00,43.92,44.29,43.94,44.05,43.94,43.63,43.37,42.05,41.85,43.37,43.46,42.14,41.96,42.34,42.68,42.26,43.44,43.57,42.43,40.48,39.96,39.45,38.62,37.97,37.22,39.02,39.04,39.44,39.74,40.78,36.01,35.76,37.20,37.63,37.87,38.14,38.36,39.10,37.67,37.34,38.39,38.19,34.94,35.23,35.47,35.12,35.26,36.01,37.59,39.45,38.92,38.54,39.35,39.41,36.09,35.20,36.47,36.79,36.21,34.01,34.61,34.76,34.36,34.19,33.95,34.02,33.18,33.43,33.45,34.93,36.91,36.72,36.79,37.20,36.96,36.92,36.95,36.92,36.66,36.56,38.57,39.35,38.98,39.08,36.46,32.60,33.98,34.71,34.84,34.40,33.64,33.02,34.67,34.97,34.76,34.66,34.69,34.54,34.61,34.57,34.39,33.08,32.10,35.38,40.57,40.70,40.26,40.35,41.32,42.65,43.61,47.18,48.87,46.87,45.28,45.24,45.19,45.14,44.88,44.70,44.91,45.23,45.21,44.81,44.60,41.63,40.40,40.55,40.56,40.15,40.17,40.52,40.98,40.92,41.03,41.05,41.06,40.94,40.76,40.62,40.66,41.02,41.69,42.20,42.51,42.27,42.23,,,,,,
  ??????,???/???????,243.00,242.00,240.00,247.00,254.00,256.00,263.00,269.00,256.00,242.00,235.00,216.00,212.00,200.00,205.00,203.00,206.00,213.00,195.00,195.00,189.00,182.00,203.00,201.00,200.00,196.00,190.00,185.00,203.00,209.00,213.00,220.00,225.00,215.00,215.00,201.00,200.00,221.00,248.00,249.00,248.00,239.00,228.00,243.00,242.00,229.00,225.00,229.00,209.00,204.00,217.00,244.00,245.00,245.00,250.00,260.00,253.00,230.00,241.00,244.00,232.00,258.00,253.00,249.00,262.00,275.00,284.00,278.00,272.00,265.00,272.00,277.00,279.00,280.00,292.00,307.00,309.00,291.00,290.00,304.00,306.00,315.00,336.00,301.00,263.00,267.00,266.00,249.00,260.00,274.00,255.00,258.00,253.00,233.00,245.00,248.00,267.00,276.00,272.00,272.00,300.00,329.00,307.00,321.00,345.00,332.00,326.00,325.00,326.00,327.00,311.00,302.00,324.00,319.00,308.00,322.00,305.00,291.00,295.00,273.00,265.00,258.00,238.00,248.00,260.00,264.00,274.00,287.00,294.00,284.00,280.00,272.00,275.00,287.00,294.00,286.00,289.00,303.00,306.00,312.00,309.00,300.34,291.41,284.10,279.50,273.26,258.12,252.35,266.47,271.40,269.90,274.28,278.46,248.37,253.41,255.69,254.05,262.97,256.64,264.74,277.89,278.21,279.31,280.53,281.87,254.47,261.83,264.22,273.16,274.39,262.21,264.15,274.15,280.40,284.02,286.44,289.78,293.05,285.92,278.91,275.32,274.63,280.31,298.84,281.99,269.00,281.85,289.76,284.95,277.20,287.53,278.26,277.37,273.03,273.94,267.85,282.93,291.35,292.00,296.00,296.69,284.02,278.00,286.65,299.00,298.87,307.00,320.00,326.94,328.07,329.02,340.62,345.28,345.57,348.54,342.54,346.00,335.13,333.53,342.96,348.60,354.87,357.92,366.83,368.00,369.70,373.48,375.09,361.58,356.45,350.26,347.22,362.59,373.69,378.68,379.12,378.72,377.72,368.58,362.21,357.29,349.75,339.89,337.58,347.84,348.19,,,,,,
  ??????? (????????),???/???,"14,741","14,742","14,483","14,670","14,610","14,031","14,073","14,251","14,193","14,087","14,424","14,717","15,094","15,162","14,541","14,791","14,966","14,899","14,995","15,083","15,023","14,991","14,942","14,757","14,816","14,789","14,789","15,019","15,258","14,703","14,470","13,972","13,407","13,347","13,347","13,527","13,675","13,309","13,352","13,256","13,156","13,051","13,198","13,217","13,275","13,168","13,148","12,773","12,844","12,875","16,905","13,330","13,328","13,086","12,997","12,891","12,884","13,035","13,118","13,171","13,419","13,104","12,736","12,761","12,820","12,808","12,812","12,914","13,182","12,906","13,105","13,409","12,935","13,167","13,717.00","14,192.00","14,248.00","14,623.00","15,318.00","15,624.00","16,326.00","16,163.00","16,204.00","16,603.00","16,653","16,748","16,805.00","16,859.00","17,082.00","17,076.00","17,232.00","17,360.00","17,669.00","17,873.00","18,208.00","18,564.00","18,854","19,006","19,313.00","19,423.00","19,933.00","20,255.00","21,045.00","22,249.00","22,959.00","23,421.00","23,412.00","23,485.00","25,908","26,188","27,357.00","28,438.00","28,651.00","28,493.00","28,615.00","28,911.00","31,455.00","34,105.00","35,238.00","35,324.00","35,810","36,403","36,404.00","35,713.00","36,025.00","37,187.00","37,204.00","37,196.00","37,026.00","36,909.00","37,032.00","37,216.00","37,291","37,560","36,667.00","36,440.00","36,398.00","35,643.00","35,438.00","35,378.00","35,866.00","36,258.93","35,366.62","34,946.50","34,804.75","34,637.72","34,532.91","34,273.52","34,084.24","33,659.34","33,503.44","33,215.19","33,102.79","33,149.66","32,911.21","32,793.69","32,271.61","31,915.61","31,878.90","31,832.31","31,684.71","31,559.31","31,508.14","31,426.38","31,304.26","30,978.09","31,032.46","30,999.74","30,856.84","30,971.78","31,114.96","31,335.83","31,320.14","31,180.32","31,073.86","30,936.74","30,921.24","31,069.59","31,442.77","31,675.32","31,899.77","32,188.17","31,943.37","31,455.26","31,679.00","32,098.25","32,509.98","33,152.27","33,203.34","33,535.06","34,190.41","34,306.95","34,099.28","34,325.00","34,148.92","34,425.60","34,165.28","33,705.23","33,326.86","33,266.76","33,274.98","33,336.04","33,520.75","34,217.16","34,767.92","34,750.77","34,846.66","34,934.66","35,089.40","35,015.58","35,069.62","35,184.61","35,108.15","34,797.72","34,803.01","34,687.93","34,414.98","34,038.25","33,893.44","33,275.33","32,831.92","32,202.39","31,702.72","31,610.04","31,611.36","31,132.80","31,228.93","31,309.50","30,990.47","30,643.47","30,530.07","30,125.46","29,820.25","29,605.65","28,422.02","28,274.99","27,614.07","27,654.77","27,653.72","27,076.97","27,158.23","26,973.32","26,234.06","26,468.14","25,479.46","22,068.92",,,,,,
3. ?????????,,,,,,,,,,,,,,,,,,,,,,,,,,,,,,,,,,,,,,,,,,,,,,,,,,,,,,,,,,,,,,,,,,,,,,,,,,,,,,,,,,,,,,,,,,,,,,,,,,,,,,,,,,,,,,,,,,,,,,,,,,,,,,,,,,,,,,,,,,,,,,,,,,,,,,,,,,,,,,,,,,,,,,,,,,,,,,,,,,,,,,,,,,,,,,,,,,,,,,,,,,,,,,,,,,,,,,,,,,,,,,,,,,,,,,,,,,,,,,,,,,,,,,,,,,,,,
  ?????????????? ( 70 ???/??.),???/??.,113.00,128.00,136.00,128.00,110.00,100.00,103.00,122.00,132.00,138.00,130.00,122.00,132.00,136.00,134.00,129.00,115.00,104.00,108.00,108.00,110.00,109.00,108.00,105.00,106.00,109.00,112.00,105.00,94.00,80.00,83.00,85.00,97.00,110.00,110.00,109.00,112.00,105.00,103.00,111.00,106.00,97.00,108.00,111.00,114.00,111.00,100.00,101.00,115.00,122.00,125.00,114.00,104.00,99.00,99.00,100.00,100.00,103.00,98.00,102.00,101.00,105.00,112.00,104.00,99.00,106.00,112.00,114.00,113.00,123.00,116.00,120.00,125.00,133.00,132.00,137.00,132.00,129.00,129.00,124.00,124.00,124.00,126.00,131.00,131.00,132.00,129.00,118.00,112.00,113.00,113.00,129.00,136.00,138.00,134.00,136.00,146.00,150.00,167.00,178.00,180.00,189.00,193.00,200.00,215.00,241.00,249.00,255.00,267.00,266.00,256.00,236.00,207.00,192.00,204.00,217.00,215.00,210.00,204.00,197.00,195.00,206.00,197.00,178.00,174.00,176.00,185.00,177.00,173.00,164.00,162.00,165.00,173.00,188.00,185.00,178.00,173.00,182.00,186.00,181.00,181.00,168.36,175.34,188.12,201.54,215.09,218.26,187.64,169.14,172.87,174.90,177.90,174.37,170.43,181.46,178.07,177.38,183.77,183.01,144.88,125.38,140.44,158.20,153.70,137.86,130.73,135.03,144.90,163.97,168.31,150.94,145.79,138.83,141.55,145.20,141.41,123.99,124.98,137.59,147.63,146.47,141.57,135.64,127.40,137.14,146.84,144.98,140.21,138.14,132.90,136.07,153.56,140.97,137.95,150.08,149.54,138.99,141.14,134.84,126.04,123.70,127.49,146.90,163.29,178.24,178.17,166.30,151.99,148.12,147.66,150.27,141.57,138.40,130.97,146.00,149.65,164.26,159.01,144.21,133.20,126.29,120.38,113.64,106.07,103.48,110.37,122.89,124.83,127.37,127.49,127.43,127.62,122.96,119.98,123.71,128.97,134.41,137.29,146.38,147.24,156.33,160.56,153.02,144.13,136.60,132.92,,,,,,
????? : ????????????????????????,,,,,,,,,,,,,,,,,,,,,,,,,,,,,,,,,,,,,,,,,,,,,,,,,,,,,,,,,,,,,,,,,,,,,,,,,,,,,,,,,,,,,,,,,,,,,,,,,,,,,,,,,,,,,,,,,,,,,,,,,,,,,,,,,,,,,,,,,,,,,,,,,,,,,,,,,,,,,,,,,,,,,,,,,,,,,,,,,,,,,,,,,,,,,,,,,,,,,,,,,,,,,,,,,,,,,,,,,,,,,,,,,,,,,,,,,,,,,,,,,,,,,,,,,,,,,
